selection_date,actual_selection_date,code,name,rank,similarity_score,best_match_case,best_match_date,category,reasons,buy_price,sell_price,return_pct,max_gain_pct,max_gain_day,sell_date,hold_days
2025-03-01,2025-02-28,605098,行动教育,1,93.06,光电股份,2025-07-10,bowl_center,"['回落碗中', '匹配光电股份']",36.75,38.93,5.931972789115646,16.3265306122449,17,2025-03-31,30
2025-03-01,2025-02-28,603122,合富中国,2,91.82,微芯生物,2025-06-20,near_duokong,"['靠近多空线 (±3%)', '匹配微芯生物']",7.2,6.68,-7.2222222222222285,7.916666666666658,10,2025-03-31,30
2025-03-01,2025-02-28,300137,先河环保,3,91.58,微芯生物,2025-06-20,bowl_center,"['回落碗中', '匹配微芯生物']",6.51,6.37,-2.1505376344085976,7.680491551459294,7,2025-03-31,30
2025-03-01,2025-02-28,301060,兰卫医学,4,91.39,微芯生物,2025-06-20,bowl_center,"['回落碗中', '匹配微芯生物']",10.261,9.501,-7.406685508235062,12.864243251145115,10,2025-03-31,30
2025-03-01,2025-02-28,300719,安达维尔,5,91.36,微芯生物,2025-06-20,near_duokong,"['靠近多空线 (±3%)', '匹配微芯生物']",17.88,16.34,-8.612975391498876,7.941834451901577,12,2025-03-31,30
2025-03-01,2025-02-28,688108,赛诺医疗,6,90.48,微芯生物,2025-06-20,near_duokong,"['靠近多空线 (±3%)', '匹配微芯生物']",10.22,10.66,4.305283757338547,13.111545988258314,19,2025-03-31,30
2025-03-01,2025-02-28,300257,开山股份,7,90.13,微芯生物,2025-06-20,near_duokong,"['靠近多空线 (±3%)', '匹配微芯生物']",9.45,9.2,-2.6455026455026456,7.619047619047627,19,2025-03-31,30
2025-03-01,2025-02-28,300357,我武生物,8,90.01,航天发展,2025-11-12,bowl_center,"['回落碗中', '匹配航天发展']",21.08,21.06,-0.09487666034155397,6.546489563567374,28,2025-03-31,30
2025-03-01,2025-02-28,603030,全筑股份,9,89.36,新瀚新材,2025-08-01,bowl_center,"['回落碗中', '匹配新瀚新材']",2.7,2.5,-7.407407407407414,8.888888888888879,12,2025-03-31,30
2025-03-01,2025-02-28,603608,天创时尚,10,88.45,新瀚新材,2025-08-01,near_short_trend,"['靠近短期趋势线 (±2%)', '匹配新瀚新材']",3.99,4.79,20.0501253132832,21.303258145363397,31,2025-03-31,30
2025-04-01,2025-04-01,600601,方正科技,1,91.23,华纳药厂,2025-05-12,near_duokong,"['靠近多空线 (±3%)', '匹配华纳药厂']",4.86,4.53,-6.790123456790124,1.0288065843621363,1,2025-05-06,30
2025-04-01,2025-04-01,600456,宝钛股份,2,89.64,光电股份,2025-07-10,bowl_center,"['回落碗中', '匹配光电股份']",32.43,29.4,-9.343200740055508,2.3743447425223656,0,2025-05-06,30
2025-04-01,2025-04-01,600300,维维股份,3,88.67,新瀚新材,2025-08-01,bowl_center,"['回落碗中', '匹配新瀚新材']",3.252,3.482,7.072570725707271,34.13284132841329,16,2025-05-06,30
2025-04-01,2025-04-01,301365,矩阵股份,4,88.05,华纳药厂,2025-05-12,bowl_center,"['回落碗中', '匹配华纳药厂']",17.16,17.06,-0.582750582750591,13.92773892773893,2,2025-05-06,30
2025-04-01,2025-04-01,000803,山高环能,5,87.95,光电股份,2025-07-10,bowl_center,"['回落碗中', '匹配光电股份']",5.54,5.62,1.4440433212996402,6.137184115523463,22,2025-05-06,30
2025-04-01,2025-04-01,301229,纽泰格,6,87.85,华纳药厂,2025-05-12,bowl_center,"['回落碗中', '匹配华纳药厂']",17.58,18.002,2.4004550625711074,4.072810011376571,35,2025-05-06,30
2025-04-01,2025-04-01,300860,锋尚文化,7,87.68,光电股份,2025-07-10,near_duokong,"['靠近多空线 (±3%)', '匹配光电股份']",26.423,25.703,-2.724898762441808,4.730727018128146,2,2025-05-06,30
2025-04-01,2025-04-01,688089,嘉必优,8,87.66,昂利康,2025-07-11,bowl_center,"['回落碗中', '匹配昂利康']",24.65,25.13,1.9472616632860058,6.450304259634889,14,2025-05-06,30
2025-04-01,2025-04-01,301053,远信工业,9,87.54,光电股份,2025-07-10,bowl_center,"['回落碗中', '匹配光电股份']",26.223,24.853,-5.224421309537419,1.7923197193303682,1,2025-05-06,30
2025-04-01,2025-04-01,300973,立高食品,10,86.62,方正科技,2025-07-23,near_duokong,"['靠近多空线 (±3%)', '匹配方正科技']",40.311,43.341,7.516558755674632,19.796085435737133,16,2025-05-06,30
2025-05-01,2025-04-30,000566,海南海药,1,92.62,华纳药厂,2025-05-12,near_duokong,"['靠近多空线 (±3%)', '匹配华纳药厂']",4.8,6.12,27.500000000000007,28.54166666666667,23,2025-05-30,30
2025-05-01,2025-04-30,301373,凌玮科技,2,90.58,华纳药厂,2025-05-12,bowl_center,"['回落碗中', '匹配华纳药厂']",28.11,28.23,0.4268943436499502,4.589114194236924,8,2025-05-30,30
2025-05-01,2025-04-30,600629,华建集团,3,87.77,华纳药厂,2025-05-12,near_duokong,"['靠近多空线 (±3%)', '匹配华纳药厂']",8.038,8.368,4.105498880318488,11.196815128141333,19,2025-05-30,30
2025-05-01,2025-04-30,600684,珠江股份,4,86.06,航天发展,2025-11-12,near_duokong,"['靠近多空线 (±3%)', '匹配航天发展']",3.49,3.7,6.0171919770773625,13.467048710601711,30,2025-05-30,30
2025-05-01,2025-04-30,000935,四川双马,5,85.81,华纳药厂,2025-05-12,near_duokong,"['靠近多空线 (±3%)', '匹配华纳药厂']",15.7,16.88,7.515923566878979,20.89171974522294,20,2025-05-30,30
2025-05-01,2025-04-30,000859,国风新材,6,84.37,华纳药厂,2025-05-12,bowl_center,"['回落碗中', '匹配华纳药厂']",6.02,7.37,22.425249169435226,44.186046511627914,26,2025-05-30,30
2025-05-01,2025-04-30,002719,麦趣尔,7,83.74,华纳药厂,2025-05-12,near_duokong,"['靠近多空线 (±3%)', '匹配华纳药厂']",7.82,8.85,13.17135549872122,20.588235294117638,20,2025-05-30,30
2025-05-01,2025-04-30,000767,晋控电力,8,83.31,微芯生物,2025-06-20,near_duokong,"['靠近多空线 (±3%)', '匹配微芯生物']",2.65,2.91,9.81132075471699,35.84905660377359,14,2025-05-30,30
2025-05-01,2025-04-30,300452,山河药辅,9,82.86,光电股份,2025-07-10,near_duokong,"['靠近多空线 (±3%)', '匹配光电股份']",11.632,12.532,7.737276478679508,10.402338376891342,30,2025-05-30,30
2025-05-01,2025-04-30,600279,重庆港,10,80.33,昂利康,2025-07-11,bowl_center,"['回落碗中', '匹配昂利康']",5.28,6.05,14.583333333333325,38.257575757575744,23,2025-05-30,30
2025-06-01,2025-05-30,002361,神剑股份,1,92.79,方正科技,2025-07-23,bowl_center,"['回落碗中', '匹配方正科技']",6.18,6.22,0.647249190938512,3.3980582524271843,0,2025-06-30,30
2025-06-01,2025-05-30,301072,中捷精工,2,92.3,光电股份,2025-07-10,bowl_center,"['回落碗中', '匹配光电股份']",21.17,21.47,1.417099669343397,6.943788379782706,28,2025-06-30,30
2025-06-01,2025-05-30,600319,亚星化学,3,91.4,方正科技,2025-07-23,near_short_trend,"['靠近短期趋势线 (±2%)', '匹配方正科技']",5.84,6.53,11.815068493150692,11.815068493150692,31,2025-06-30,30
2025-06-01,2025-05-30,000958,电投产融,4,90.99,微芯生物,2025-06-20,bowl_center,"['回落碗中', '匹配微芯生物']",6.751,6.661,-1.333135831728644,6.073174344541538,11,2025-06-30,30
2025-06-01,2025-05-30,300970,华绿生物,5,90.98,新瀚新材,2025-08-01,bowl_center,"['回落碗中', '匹配新瀚新材']",14.01,14.5,3.4975017844396876,5.924339757316203,13,2025-06-30,30
2025-06-01,2025-05-30,000586,汇源通信,6,90.55,方正科技,2025-07-23,near_duokong,"['靠近多空线 (±3%)', '匹配方正科技']",10.21,11.12,8.912830558276182,9.108716944172377,31,2025-06-30,30
2025-06-01,2025-05-30,002541,鸿路钢构,7,90.15,方正科技,2025-07-23,near_duokong,"['靠近多空线 (±3%)', '匹配方正科技']",18.451,16.74,-9.273210124112525,2.3846945964988224,0,2025-06-30,30
2025-06-01,2025-05-30,000702,正虹科技,8,90.09,航天发展,2025-11-12,near_duokong,"['靠近多空线 (±3%)', '匹配航天发展']",6.9,7.22,4.637681159420281,11.014492753623186,18,2025-06-30,30
2025-06-01,2025-05-30,601798,蓝科高新,9,89.8,方正科技,2025-07-23,near_short_trend,"['靠近短期趋势线 (±2%)', '匹配方正科技']",7.4,7.96,7.567567567567562,10.270270270270267,19,2025-06-30,30
2025-06-01,2025-05-30,301555,惠柏新材,10,89.64,新瀚新材,2025-08-01,near_short_trend,"['靠近短期趋势线 (±2%)', '匹配新瀚新材']",25.28,27.31,8.03006329113923,12.104430379746828,20,2025-06-30,30
2025-07-01,2025-07-01,000968,蓝焰控股,1,88.51,航天发展,2025-11-12,bowl_center,"['回落碗中', '匹配航天发展']",7.2,7.02,-2.5000000000000084,1.94444444444444,24,2025-07-31,30
2025-07-01,2025-07-01,000554,泰山石油,2,87.87,航天发展,2025-11-12,bowl_center,"['回落碗中', '匹配航天发展']",6.948,6.648,-4.317789291882566,2.302820955670686,0,2025-07-31,30
2025-07-01,2025-07-01,601872,招商轮船,3,87.52,航天发展,2025-11-12,bowl_center,"['回落碗中', '匹配航天发展']",6.16,5.99,-2.7597402597402585,2.4350649350649265,24,2025-07-31,30
2025-07-01,2025-07-01,000159,国际实业,4,86.5,光电股份,2025-07-10,near_duokong,"['靠近多空线 (±3%)', '匹配光电股份']",5.63,5.61,-0.3552397868561203,7.104795737122564,24,2025-07-31,30
2025-07-01,2025-07-01,300172,中电环保,5,86.0,航天发展,2025-11-12,near_short_trend,"['靠近短期趋势线 (±2%)', '匹配航天发展']",5.58,5.51,-1.2544802867383564,8.422939068100353,3,2025-07-31,30
2025-07-01,2025-07-01,600825,新华传媒,6,85.35,新瀚新材,2025-08-01,near_duokong,"['靠近多空线 (±3%)', '匹配新瀚新材']",6.72,7.2,7.1428571428571495,19.791666666666682,24,2025-07-31,30
2025-07-01,2025-07-01,002980,华盛昌,7,85.11,航天发展,2025-11-12,bowl_center,"['回落碗中', '匹配航天发展']",20.08,21.13,5.229083665338649,7.470119521912351,30,2025-07-31,30
2025-07-01,2025-07-01,002986,宇新股份,8,85.04,航天发展,2025-11-12,bowl_center,"['回落碗中', '匹配航天发展']",11.18,11.95,6.887298747763861,14.221824686940964,27,2025-07-31,30
2025-07-01,2025-07-01,300332,天壕能源,9,84.65,航天发展,2025-11-12,bowl_center,"['回落碗中', '匹配航天发展']",5.05,5.05,0.0,5.148514851485145,22,2025-07-31,30
2025-07-01,2025-07-01,300228,富瑞特装,10,84.53,航天发展,2025-11-12,near_short_trend,"['靠近短期趋势线 (±2%)', '匹配航天发展']",7.77,7.74,-0.3861003861003779,7.593307593307593,9,2025-07-31,30
2025-08-01,2025-08-01,301076,新瀚新材,1,95.8,新瀚新材,2025-08-01,bowl_center,"['回落碗中', '匹配新瀚新材']",29.65,52.53,77.16694772344015,113.79426644182126,17,2025-09-01,30
2025-08-01,2025-08-01,002493,荣盛石化,2,92.9,航天发展,2025-11-12,near_short_trend,"['靠近短期趋势线 (±2%)', '匹配航天发展']",9.16,9.96,8.73362445414848,12.663755458515286,25,2025-09-01,30
2025-08-01,2025-08-01,300911,亿田智能,3,92.34,光电股份,2025-07-10,near_short_trend,"['靠近短期趋势线 (±2%)', '匹配光电股份']",49.6,56.52,13.95161290322581,27.116935483870957,31,2025-09-01,30
2025-08-01,2025-08-01,301538,骏鼎达,4,92.14,航天发展,2025-11-12,near_short_trend,"['靠近短期趋势线 (±2%)', '匹配航天发展']",61.3,68.7,12.071778140293647,24.25774877650898,20,2025-09-01,30
2025-08-01,2025-08-01,600760,中航沈飞,5,91.24,微芯生物,2025-06-20,bowl_center,"['回落碗中', '匹配微芯生物']",62.06,64.26,3.5449564937157634,6.558169513374143,31,2025-09-01,30
2025-08-01,2025-08-01,301279,金道科技,6,91.06,光电股份,2025-07-10,bowl_center,"['回落碗中', '匹配光电股份']",23.64,23.94,1.2690355329949268,9.052453468697125,24,2025-09-01,30
2025-08-01,2025-08-01,002271,东方雨虹,7,90.95,航天发展,2025-11-12,near_short_trend,"['靠近短期趋势线 (±2%)', '匹配航天发展']",10.995,11.7,6.412005457025923,11.550704865848125,24,2025-09-01,30
2025-08-01,2025-08-01,688334,西高院,8,90.52,光电股份,2025-07-10,near_short_trend,"['靠近短期趋势线 (±2%)', '匹配光电股份']",18.359,18.659,1.6340759300615344,10.403616754725183,20,2025-09-01,30
2025-08-01,2025-08-01,000993,闽东电力,9,90.18,宁波韵升,2025-08-06,bowl_center,"['回落碗中', '匹配宁波韵升']",10.45,10.67,2.105263157894743,9.856459330143553,10,2025-09-01,30
2025-08-01,2025-08-01,688698,伟创电气,10,90.14,微芯生物,2025-06-20,near_short_trend,"['靠近短期趋势线 (±2%)', '匹配微芯生物']",52.47,54.5,3.8688774537831163,18.21993520106728,24,2025-09-01,30
2025-09-01,2025-09-01,300354,东华测试,1,94.69,航天发展,2025-11-12,near_short_trend,"['靠近短期趋势线 (±2%)', '匹配航天发展']",43.48,48.46,11.453541858325679,29.25482980680774,24,2025-10-09,30
2025-09-01,2025-09-01,301581,黄山谷捷,2,92.06,方正科技,2025-07-23,bowl_center,"['回落碗中', '匹配方正科技']",59.36,56.1,-5.491913746630725,0.4043126684636152,0,2025-10-09,30
2025-09-01,2025-09-01,603031,安孚科技,3,91.7,微芯生物,2025-06-20,near_short_trend,"['靠近短期趋势线 (±2%)', '匹配微芯生物']",35.58,41.47,16.554243957279372,34.40134907251265,24,2025-10-09,30
2025-09-01,2025-09-01,688292,浩瀚深度,4,90.57,航天发展,2025-11-12,near_short_trend,"['靠近短期趋势线 (±2%)', '匹配航天发展']",23.83,24.19,1.5107007973143223,9.945446915652543,21,2025-10-09,30
2025-09-01,2025-09-01,301125,腾亚精工,5,90.51,方正科技,2025-07-23,bowl_center,"['回落碗中', '匹配方正科技']",19.66,20.43,3.9165818921668336,22.939979654120048,15,2025-10-09,30
2025-09-01,2025-09-01,688663,新风光,6,89.62,光电股份,2025-07-10,near_short_trend,"['靠近短期趋势线 (±2%)', '匹配光电股份']",33.03,43.24,30.911292764153803,36.93611867998788,38,2025-10-09,30
2025-09-01,2025-09-01,002259,升达林业,7,89.16,光电股份,2025-07-10,bowl_center,"['回落碗中', '匹配光电股份']",4.47,4.2,-6.04026845637583,1.5659955257270757,1,2025-10-09,30
2025-09-01,2025-09-01,003025,思进智能,8,88.8,光电股份,2025-07-10,near_duokong,"['靠近多空线 (±3%)', '匹配光电股份']",14.19,14.07,-0.8456659619450262,3.241719520789294,1,2025-10-09,30
2025-09-01,2025-09-01,301255,通力科技,9,88.79,新瀚新材,2025-08-01,bowl_center,"['回落碗中', '匹配新瀚新材']",32.64,33.2,1.715686274509811,8.241421568627445,15,2025-10-09,30
2025-09-01,2025-09-01,603317,天味食品,10,88.34,航天发展,2025-11-12,near_duokong,"['靠近多空线 (±3%)', '匹配航天发展']",12.13,11.4,-6.018136850783185,1.81368507831821,0,2025-10-09,30
2025-10-01,2025-09-30,300907,康平科技,1,91.46,华纳药厂,2025-05-12,bowl_center,"['回落碗中', '匹配华纳药厂']",35.94,33.28,-7.401224262659979,7.79076238174737,10,2025-10-30,30
2025-10-01,2025-09-30,300252,金信诺,2,91.29,华纳药厂,2025-05-12,bowl_center,"['回落碗中', '匹配华纳药厂']",14.45,13.28,-8.09688581314879,4.152249134948107,0,2025-10-30,30
2025-10-01,2025-09-30,300761,立华股份,3,90.89,方正科技,2025-07-23,bowl_center,"['回落碗中', '匹配方正科技']",21.71,20.65,-4.882542607093516,10.271764163979734,16,2025-10-30,30
2025-10-01,2025-09-30,603277,银都股份,4,90.55,方正科技,2025-07-23,bowl_center,"['回落碗中', '匹配方正科技']",17.96,18.02,0.3340757238307278,5.178173719376391,28,2025-10-30,30
2025-10-01,2025-09-30,000036,华联控股,5,90.02,光电股份,2025-07-10,bowl_center,"['回落碗中', '匹配光电股份']",4.35,3.86,-11.26436781609195,1.8390804597701167,0,2025-10-30,30
2025-10-01,2025-09-30,300179,四方达,6,90.0,航天发展,2025-11-12,near_duokong,"['靠近多空线 (±3%)', '匹配航天发展']",10.2,13.8,35.29411764705884,60.00000000000001,21,2025-10-30,30
2025-10-01,2025-09-30,300755,华致酒行,7,89.45,微芯生物,2025-06-20,bowl_center,"['回落碗中', '匹配微芯生物']",20.01,20.82,4.047976011993996,9.545227386306847,30,2025-10-30,30
2025-10-01,2025-09-30,002066,瑞泰科技,8,88.9,光电股份,2025-07-10,near_short_trend,"['靠近短期趋势线 (±2%)', '匹配光电股份']",14.73,16.75,13.713509843856073,21.724372029871006,23,2025-10-30,30
2025-10-01,2025-09-30,002548,金新农,9,88.85,新瀚新材,2025-08-01,near_short_trend,"['靠近短期趋势线 (±2%)', '匹配新瀚新材']",5.03,4.97,-1.1928429423459344,2.9821073558648004,30,2025-10-30,30
2025-10-01,2025-09-30,300492,华图山鼎,10,88.66,微芯生物,2025-06-20,bowl_center,"['回落碗中', '匹配微芯生物']",72.5,66.92,-7.696551724137929,3.8068965517241447,0,2025-10-30,30
2025-11-01,2025-10-31,301348,蓝箭电子,1,90.84,新瀚新材,2025-08-01,bowl_center,"['回落碗中', '匹配新瀚新材']",22.48,21.05,-6.361209964412811,3.158362989323847,4,2025-12-01,30
2025-11-01,2025-10-31,300983,尤安设计,2,89.25,光电股份,2025-07-10,bowl_center,"['回落碗中', '匹配光电股份']",22.97,26.11,13.670004353504575,23.50892468437093,26,2025-12-01,30
2025-11-01,2025-10-31,000045,深纺织Ａ,3,88.28,方正科技,2025-07-23,bowl_center,"['回落碗中', '匹配方正科技']",13.48,12.59,-6.60237388724036,1.3353115727002947,0,2025-12-01,30
2025-11-01,2025-10-31,000816,智慧农业,4,88.14,光电股份,2025-07-10,near_duokong,"['靠近多空线 (±3%)', '匹配光电股份']",3.23,3.94,21.98142414860681,21.98142414860681,31,2025-12-01,30
2025-11-01,2025-10-31,600740,山西焦化,5,87.88,航天发展,2025-11-12,near_short_trend,"['靠近短期趋势线 (±2%)', '匹配航天发展']",4.27,4.01,-6.088992974238872,8.899297423887607,17,2025-12-01,30
2025-11-01,2025-10-31,600397,江钨装备,6,87.55,方正科技,2025-07-23,bowl_center,"['回落碗中', '匹配方正科技']",7.34,6.57,-10.490463215258849,3.2697547683923736,5,2025-12-01,30
2025-11-01,2025-10-31,688209,英集芯,7,86.85,新瀚新材,2025-08-01,bowl_center,"['回落碗中', '匹配新瀚新材']",21.8,24.26,11.284403669724774,12.385321100917428,31,2025-12-01,30
2025-11-01,2025-10-31,300994,久祺股份,8,86.35,宁波韵升,2025-08-06,near_duokong,"['靠近多空线 (±3%)', '匹配宁波韵升']",18.25,16.44,-9.917808219178076,1.8082191780821826,0,2025-12-01,30
2025-11-01,2025-10-31,002053,云南能投,9,84.55,国轩高科,2025-08-04,near_duokong,"['靠近多空线 (±3%)', '匹配国轩高科']",12.14,12.0,-1.1532125205930852,19.76935749588137,12,2025-12-01,30
2025-11-01,2025-10-31,002219,新里程,10,84.55,光电股份,2025-07-10,near_duokong,"['靠近多空线 (±3%)', '匹配光电股份']",2.24,2.33,4.017857142857136,8.035714285714272,18,2025-12-01,30
2025-12-01,2025-12-01,688198,佰仁医疗,1,92.97,新瀚新材,2025-08-01,bowl_center,"['回落碗中', '匹配新瀚新材']",120.45,107.01,-11.158156911581568,10.369447903694475,10,2025-12-31,30
2025-12-01,2025-12-01,300858,科拓生物,2,91.33,方正科技,2025-07-23,near_duokong,"['靠近多空线 (±3%)', '匹配方正科技']",17.98,16.77,-6.72969966629589,1.3904338153503892,0,2025-12-31,30
2025-12-01,2025-12-01,605398,新炬网络,3,90.53,航天发展,2025-11-12,bowl_center,"['回落碗中', '匹配航天发展']",32.15,28.53,-11.259720062208391,1.7107309486780848,1,2025-12-31,30
2025-12-01,2025-12-01,300036,超图软件,4,87.76,航天发展,2025-11-12,near_short_trend,"['靠近短期趋势线 (±2%)', '匹配航天发展']",18.28,18.16,-0.6564551422319529,1.805251641137846,0,2025-12-31,30
2025-12-01,2025-12-01,603100,川仪股份,5,87.72,微芯生物,2025-06-20,near_duokong,"['靠近多空线 (±3%)', '匹配微芯生物']",23.31,22.7,-2.6169026169026144,5.61990561990563,0,2025-12-31,30
2025-12-01,2025-12-01,300166,东方国信,6,86.77,航天发展,2025-11-12,near_duokong,"['靠近多空线 (±3%)', '匹配航天发展']",10.91,10.22,-6.324472960586613,0.27497708524289055,0,2025-12-31,30
2025-12-01,2025-12-01,601318,中国平安,7,85.71,方正科技,2025-07-23,bowl_center,"['回落碗中', '匹配方正科技']",58.63,68.4,16.663823980897156,22.769913013815454,24,2025-12-31,30
2025-12-01,2025-12-01,600080,金花股份,8,84.46,航天发展,2025-11-12,near_short_trend,"['靠近短期趋势线 (±2%)', '匹配航天发展']",8.44,7.54,-10.663507109004735,2.251184834123238,0,2025-12-31,30
2025-12-01,2025-12-01,000505,京粮控股,9,83.92,航天发展,2025-11-12,near_short_trend,"['靠近短期趋势线 (±2%)', '匹配航天发展']",7.76,8.51,9.664948453608249,20.489690721649485,28,2025-12-31,30
2025-12-01,2025-12-01,301360,荣旗科技,10,83.68,野马电池,2025-08-01,near_duokong,"['靠近多空线 (±3%)', '匹配野马电池']",73.6,70.9,-3.6684782608695503,3.5190217391304395,0,2025-12-31,30
2026-01-01,2025-12-31,000520,凤凰航运,1,92.17,方正科技,2025-07-23,near_duokong,"['靠近多空线 (±3%)', '匹配方正科技']",4.84,4.34,-10.330578512396695,1.8595041322314023,0,2026-01-30,30
2026-01-01,2025-12-31,603212,赛伍技术,2,90.83,新瀚新材,2025-08-01,near_short_trend,"['靠近短期趋势线 (±2%)', '匹配新瀚新材']",14.29,16.18,13.2260321903429,33.31000699790064,28,2026-01-30,30
2026-01-01,2025-12-31,000533,顺钠股份,3,90.23,微芯生物,2025-06-20,bowl_center,"['回落碗中', '匹配微芯生物']",8.33,8.38,0.6002400960384239,19.207683073229287,22,2026-01-30,30
2026-01-01,2025-12-31,688710,益诺思,4,87.48,华纳药厂,2025-05-12,near_duokong,"['靠近多空线 (±3%)', '匹配华纳药厂']",44.15,58.6,32.72933182332957,63.08040770101926,13,2026-01-30,30
2026-01-01,2025-12-31,688379,华光新材,5,87.01,光电股份,2025-07-10,near_short_trend,"['靠近短期趋势线 (±2%)', '匹配光电股份']",55.06,53.25,-3.2873229204504217,8.754086451144207,7,2026-01-30,30
2026-01-01,2025-12-31,688583,思看科技,6,86.92,方正科技,2025-07-23,bowl_center,"['回落碗中', '匹配方正科技']",93.19,128.68,38.08348535250564,38.08348535250564,30,2026-01-30,30
2026-01-01,2025-12-31,603063,禾望电气,7,85.98,新瀚新材,2025-08-01,near_duokong,"['靠近多空线 (±3%)', '匹配新瀚新材']",33.07,29.76,-10.009071666162681,3.9915331115814947,8,2026-01-30,30
2026-01-01,2025-12-31,601500,通用股份,8,85.05,方正科技,2025-07-23,near_short_trend,"['靠近短期趋势线 (±2%)', '匹配方正科技']",4.82,4.69,-2.697095435684645,4.149377593360981,0,2026-01-30,30
2026-01-01,2025-12-31,000801,四川九洲,9,84.1,宁波韵升,2025-08-06,near_duokong,"['靠近多空线 (±3%)', '匹配宁波韵升']",16.96,15.62,-7.900943396226425,9.374999999999998,12,2026-01-30,30
2026-01-01,2025-12-31,603008,喜临门,10,83.88,方正科技,2025-07-23,bowl_center,"['回落碗中', '匹配方正科技']",20.48,21.53,5.1269531250000036,11.328125000000002,0,2026-01-30,30
2026-02-01,2026-01-30,002876,三利谱,1,93.61,航天发展,2025-11-12,bowl_center,"['回落碗中', '匹配航天发展']",25.81,28.27,9.531189461449054,12.320805889190236,11,2026-03-02,30
2026-02-01,2026-01-30,301439,泓淋电力,2,92.13,航天发展,2025-11-12,near_duokong,"['靠近多空线 (±3%)', '匹配航天发展']",16.28,16.96,4.176904176904174,6.818181818181815,28,2026-03-02,30
2026-02-01,2026-01-30,603811,诚意药业,3,91.16,光电股份,2025-07-10,near_duokong,"['靠近多空线 (±3%)', '匹配光电股份']",11.62,11.3,-2.753872633390693,2.925989672977639,13,2026-03-02,30
2026-02-01,2026-01-30,601965,中国汽研,4,90.34,新瀚新材,2025-08-01,near_short_trend,"['靠近短期趋势线 (±2%)', '匹配新瀚新材']",18.95,19.49,2.8496042216358797,8.232189973614789,14,2026-03-02,30
2026-02-01,2026-01-30,002950,奥美医疗,5,89.95,微芯生物,2025-06-20,bowl_center,"['回落碗中', '匹配微芯生物']",11.56,10.79,-6.660899653979251,2.7681660899654004,0,2026-03-02,30
2026-02-01,2026-01-30,002617,露笑科技,6,89.94,光电股份,2025-07-10,near_duokong,"['靠近多空线 (±3%)', '匹配光电股份']",8.6,9.1,5.813953488372093,10.232558139534893,27,2026-03-02,30
2026-02-01,2026-01-30,002692,远程股份,7,89.84,航天发展,2025-11-12,near_duokong,"['靠近多空线 (±3%)', '匹配航天发展']",5.54,5.61,1.2635379061371892,4.512635379061372,28,2026-03-02,30
2026-02-01,2026-01-30,002067,景兴纸业,8,89.79,宁波韵升,2025-08-06,near_duokong,"['靠近多空线 (±3%)', '匹配宁波韵升']",5.52,5.63,1.992753623188412,9.420289855072472,27,2026-03-02,30
2026-02-01,2026-01-30,600829,人民同泰,9,89.68,昂利康,2025-07-11,near_duokong,"['靠近多空线 (±3%)', '匹配昂利康']",11.22,10.49,-6.506238859180039,6.773618538324419,7,2026-03-02,30
2026-02-01,2026-01-30,000720,新能泰山,10,89.6,航天发展,2025-11-12,near_duokong,"['靠近多空线 (±3%)', '匹配航天发展']",3.65,3.85,5.479452054794526,8.767123287671241,28,2026-03-02,30
2026-03-01,2026-02-27,600173,卧龙新能,1,91.94,宁波韵升,2025-08-06,bowl_center,"['回落碗中', '匹配宁波韵升']",8.36,7.67,-8.253588516746406,0.11961722488038024,0,2026-03-20,30
2026-03-01,2026-02-27,688429,时创能源,2,89.34,光电股份,2025-07-10,near_short_trend,"['靠近短期趋势线 (±2%)', '匹配光电股份']",16.23,16.4,1.0474430067775609,5.976586568083788,18,2026-03-20,30
2026-03-01,2026-02-27,002326,永太科技,3,85.78,方正科技,2025-07-23,near_duokong,"['靠近多空线 (±3%)', '匹配方正科技']",24.66,21.72,-11.922141119221417,1.7842660178426655,0,2026-03-20,30
2026-03-01,2026-02-27,002412,汉森制药,4,85.57,航天发展,2025-11-12,near_short_trend,"['靠近短期趋势线 (±2%)', '匹配航天发展']",7.43,6.58,-11.440107671601611,0.13458950201885161,0,2026-03-20,30
2026-03-01,2026-02-27,603317,天味食品,5,84.43,新瀚新材,2025-08-01,bowl_center,"['回落碗中', '匹配新瀚新材']",13.42,12.32,-8.196721311475407,1.0432190760059654,0,2026-03-20,30
2026-03-01,2026-02-27,301371,敷尔佳,6,84.15,华纳药厂,2025-05-12,near_duokong,"['靠近多空线 (±3%)', '匹配华纳药厂']",24.72,23.2,-6.148867313915856,0.16181229773463876,0,2026-03-20,30
2026-03-01,2026-02-27,301222,浙江恒威,7,83.9,航天发展,2025-11-12,near_short_trend,"['靠近短期趋势线 (±2%)', '匹配航天发展']",33.25,32.66,-1.7744360902255742,4.3308270676691665,19,2026-03-20,30
2026-03-01,2026-02-27,688435,英方软件,8,83.63,宁波韵升,2025-08-06,bowl_center,"['回落碗中', '匹配宁波韵升']",57.16,47.0,-17.77466759972008,2.326801959412186,0,2026-03-20,30
2026-03-01,2026-02-27,002375,亚厦股份,9,83.42,新瀚新材,2025-08-01,bowl_center,"['回落碗中', '匹配新瀚新材']",4.33,3.94,-9.006928406466514,0.23094688221708512,0,2026-03-20,30
2026-03-01,2026-02-27,600814,杭州解百,10,82.44,华纳药厂,2025-05-12,near_duokong,"['靠近多空线 (±3%)', '匹配华纳药厂']",8.44,7.64,-9.478672985781989,0.23696682464456578,0,2026-03-20,30
