selection_date,code,name,rank,similarity_score,best_match_case,best_match_date,category,reasons,buy_price,sell_price,return_pct,max_gain_pct,max_gain_day,sell_date,hold_days
2025-10-09,603926,铁流股份,1,97.77,case_002,2025-08-06,主板,['匹配case_002: 宁波韵升 - 回落短期趋势线+量能平稳+J值中位'],17.71,16.13,-8.921513269339366,2.879728966685477,1,2025-11-10,30
2025-10-09,002681,奋达科技,2,95.82,case_006,2025-08-04,中小板,['匹配case_006: 国轩高科 - 靠近短期趋势线+量能平稳+J值低位'],7.25,6.69,-7.724137931034478,1.1034482758620698,0,2025-11-10,30
2025-10-09,605136,丽人丽妆,3,95.76,case_001,2025-05-12,科创板,['匹配case_001: 华纳药厂 - 杯型整理+缩量+J值低位'],9.95,9.9,-0.5025125628140596,3.517587939698507,7,2025-11-10,30
2025-10-09,000810,创维数字,4,95.37,case_002,2025-08-06,主板,['匹配case_002: 宁波韵升 - 回落短期趋势线+量能平稳+J值中位'],13.58,12.75,-6.111929307805597,4.491899852724591,1,2025-11-10,30
2025-10-09,600228,*ST返利,5,94.89,case_004,2025-07-23,主板,['匹配case_004: 方正科技 - 靠近多空线+量能平稳+J值中位'],5.56,6.97,25.35971223021583,25.35971223021583,32,2025-11-10,30
2025-10-09,001306,夏厦精密,6,94.18,case_002,2025-08-06,主板,['匹配case_002: 宁波韵升 - 回落短期趋势线+量能平稳+J值中位'],102.72,91.37,-11.04945482866043,4.906542056074772,0,2025-11-10,30
2025-10-09,002555,三七互娱,7,94.18,case_002,2025-08-06,主板,['匹配case_002: 宁波韵升 - 回落短期趋势线+量能平稳+J值中位'],21.381,21.7,1.4919788597352746,12.908657219026228,26,2025-11-10,30
2025-10-09,605319,无锡振华,8,94.11,case_009,2025-08-01,创业板,['匹配case_009: 新瀚新材 - 缩量后放量+价格接近短期趋势线+J值中位'],24.81,21.88,-11.809754131398629,3.1035872632003207,0,2025-11-10,30
2025-10-09,300457,赢合科技,9,93.81,case_002,2025-08-06,主板,['匹配case_002: 宁波韵升 - 回落短期趋势线+量能平稳+J值中位'],34.48,28.7,-16.763341067285378,4.6983758700696185,0,2025-11-10,30
2025-10-09,603196,日播时尚,10,93.8,case_004,2025-07-23,主板,['匹配case_004: 方正科技 - 靠近多空线+量能平稳+J值中位'],22.1,23.68,7.149321266968317,10.814479638009034,18,2025-11-10,30
2025-10-10,603926,铁流股份,1,97.04,case_002,2025-08-06,主板,['匹配case_002: 宁波韵升 - 回落短期趋势线+量能平稳+J值中位'],17.66,16.13,-8.663646659116655,3.1710079275198115,0,2025-11-10,30
2025-10-10,002886,沃特股份,2,96.26,case_004,2025-07-23,主板,['匹配case_004: 方正科技 - 靠近多空线+量能平稳+J值中位'],22.79,21.17,-7.1083808688020955,1.7551557700746037,0,2025-11-10,30
2025-10-10,603298,杭叉集团,3,95.13,case_004,2025-07-23,主板,['匹配case_004: 方正科技 - 靠近多空线+量能平稳+J值中位'],27.63,26.31,-4.77741585233442,10.025334781035106,20,2025-11-10,30
2025-10-10,605136,丽人丽妆,4,94.82,case_001,2025-05-12,科创板,['匹配case_001: 华纳药厂 - 杯型整理+缩量+J值低位'],9.98,9.9,-0.8016032064128262,3.206412825651305,6,2025-11-10,30
2025-10-10,300521,爱司凯,5,94.4,case_003,2025-06-20,科创板,['匹配case_003: 微芯生物 - 平台整理+缩量后放量+J值低位'],29.12,26.6,-8.653846153846152,4.7390109890109855,0,2025-11-10,30
2025-10-10,603266,天龙股份,6,94.1,case_008,2025-07-10,主板,['匹配case_008: 光电股份 - 缩量后放量+J值低位+趋势上行'],24.81,21.4,-13.744457879887143,1.1688835147118206,0,2025-11-10,30
2025-10-10,002164,宁波东力,7,94.05,case_004,2025-07-23,主板,['匹配case_004: 方正科技 - 靠近多空线+量能平稳+J值中位'],14.32,12.76,-10.893854748603356,5.446927374301672,0,2025-11-10,30
2025-10-10,603912,佳力图,8,93.84,case_006,2025-08-04,中小板,['匹配case_006: 国轩高科 - 靠近短期趋势线+量能平稳+J值低位'],9.2,8.68,-5.652173913043474,1.7391304347826104,0,2025-11-10,30
2025-10-10,600228,*ST返利,9,93.66,case_004,2025-07-23,主板,['匹配case_004: 方正科技 - 靠近多空线+量能平稳+J值中位'],5.47,6.97,27.422303473491777,27.422303473491777,31,2025-11-10,30
2025-10-10,002664,信质集团,10,93.65,case_002,2025-08-06,主板,['匹配case_002: 宁波韵升 - 回落短期趋势线+量能平稳+J值中位'],29.94,24.65,-17.66867067468271,11.055444221776883,10,2025-11-10,30
2025-10-13,603683,晶华新材,1,96.07,case_002,2025-08-06,主板,['匹配case_002: 宁波韵升 - 回落短期趋势线+量能平稳+J值中位'],32.94,30.82,-6.4359441408621665,1.6697024893746335,1,2025-11-12,30
2025-10-13,002920,德赛西威,2,94.54,case_004,2025-07-23,主板,['匹配case_004: 方正科技 - 靠近多空线+量能平稳+J值中位'],135.76,116.21,-14.400412492634059,5.05303476723631,3,2025-11-12,30
2025-10-13,688237,超卓航科,3,93.94,case_002,2025-08-06,主板,['匹配case_002: 宁波韵升 - 回落短期趋势线+量能平稳+J值中位'],54.09,54.8,1.312627102976509,15.511185061933801,14,2025-11-12,30
2025-10-13,301029,怡合达,4,93.86,case_004,2025-07-23,主板,['匹配case_004: 方正科技 - 靠近多空线+量能平稳+J值中位'],29.89,26.99,-9.702241552358656,1.739712278353963,1,2025-11-12,30
2025-10-13,603266,天龙股份,5,93.7,case_003,2025-06-20,科创板,['匹配case_003: 微芯生物 - 平台整理+缩量后放量+J值低位'],23.84,20.86,-12.500000000000004,2.265100671140936,1,2025-11-12,30
2025-10-13,002624,完美世界,6,93.6,case_002,2025-08-06,主板,['匹配case_002: 宁波韵升 - 回落短期趋势线+量能平稳+J值中位'],17.66,15.44,-12.57078142695357,2.491506228765579,1,2025-11-12,30
2025-10-13,603196,日播时尚,7,93.53,case_004,2025-07-23,主板,['匹配case_004: 方正科技 - 靠近多空线+量能平稳+J值中位'],21.54,23.22,7.799442896935932,13.695450324976784,14,2025-11-12,30
2025-10-13,002558,巨人网络,8,93.41,case_002,2025-08-06,主板,['匹配case_002: 宁波韵升 - 回落短期趋势线+量能平稳+J值中位'],41.24,36.3,-11.978661493695453,3.661493695441314,1,2025-11-12,30
2025-10-13,002239,奥特佳,9,93.35,case_004,2025-07-23,主板,['匹配case_004: 方正科技 - 靠近多空线+量能平稳+J值中位'],3.23,3.18,-1.5479876160990658,2.167182662538695,24,2025-11-12,30
2025-10-13,300984,金沃股份,10,93.14,case_002,2025-08-06,主板,['匹配case_002: 宁波韵升 - 回落短期趋势线+量能平稳+J值中位'],68.46,60.31,-11.904761904761893,5.828220858895719,2,2025-11-12,30
2025-10-14,002011,盾安环境,1,96.58,case_003,2025-06-20,科创板,['匹配case_003: 微芯生物 - 平台整理+缩量后放量+J值低位'],13.51,13.93,3.10880829015544,7.253886010362698,13,2025-11-13,30
2025-10-14,300715,凯伦股份,2,95.38,case_004,2025-07-23,主板,['匹配case_004: 方正科技 - 靠近多空线+量能平稳+J值中位'],11.73,11.64,-0.7672634271099732,13.640238704177317,21,2025-11-13,30
2025-10-14,300688,创业黑马,3,94.53,case_006,2025-08-04,中小板,['匹配case_006: 国轩高科 - 靠近短期趋势线+量能平稳+J值低位'],29.4,31.23,6.224489795918374,11.734693877551031,21,2025-11-13,30
2025-10-14,603926,铁流股份,4,94.03,case_002,2025-08-06,主板,['匹配case_002: 宁波韵升 - 回落短期趋势线+量能平稳+J值中位'],16.84,15.59,-7.422802850356295,7.00712589073634,17,2025-11-13,30
2025-10-14,603216,梦天家居,5,93.99,case_002,2025-08-06,主板,['匹配case_002: 宁波韵升 - 回落短期趋势线+量能平稳+J值中位'],17.49,17.27,-1.2578616352201195,6.232132647226987,0,2025-11-19,30
2025-10-14,603486,科沃斯,6,93.78,case_006,2025-08-04,中小板,['匹配case_006: 国轩高科 - 靠近短期趋势线+量能平稳+J值低位'],96.12,82.33,-14.346650020807331,4.036620890553469,0,2025-11-13,30
2025-10-14,301479,弘景光电,7,93.57,case_006,2025-08-04,中小板,['匹配case_006: 国轩高科 - 靠近短期趋势线+量能平稳+J值低位'],90.13,88.27,-2.0636857871962717,5.802729390879844,14,2025-11-13,30
2025-10-14,688230,芯导科技,8,93.45,case_004,2025-07-23,主板,['匹配case_004: 方正科技 - 靠近多空线+量能平稳+J值中位'],74.59,68.45,-8.231666443222952,9.357822764445622,1,2025-11-13,30
2025-10-14,688328,深科达,9,93.44,case_004,2025-07-23,主板,['匹配case_004: 方正科技 - 靠近多空线+量能平稳+J值中位'],27.56,25.73,-6.640058055152388,7.329462989840348,13,2025-11-13,30
2025-10-14,301046,能辉科技,10,93.39,case_004,2025-07-23,主板,['匹配case_004: 方正科技 - 靠近多空线+量能平稳+J值中位'],25.7,29.01,12.879377431906624,23.540856031128406,29,2025-11-13,30
2025-10-15,603216,梦天家居,1,96.54,case_002,2025-08-06,主板,['匹配case_002: 宁波韵升 - 回落短期趋势线+量能平稳+J值中位'],17.55,17.27,-1.595441595441602,1.7094017094017133,0,2025-11-19,30
2025-10-15,600176,中国巨石,2,95.77,case_002,2025-08-06,主板,['匹配case_002: 宁波韵升 - 回落短期趋势线+量能平稳+J值中位'],15.93,15.89,-0.2510985561832966,7.030759573132461,16,2025-11-14,30
2025-10-15,603918,金桥信息,3,95.47,case_006,2025-08-04,中小板,['匹配case_006: 国轩高科 - 靠近短期趋势线+量能平稳+J值低位'],16.8,16.61,-1.1309523809523885,12.797619047619039,19,2025-11-14,30
2025-10-15,000069,华侨城Ａ,4,95.29,case_004,2025-07-23,主板,['匹配case_004: 方正科技 - 靠近多空线+量能平稳+J值中位'],2.5,2.79,11.600000000000001,17.200000000000006,27,2025-11-14,30
2025-10-15,002244,滨江集团,5,94.93,case_004,2025-07-23,主板,['匹配case_004: 方正科技 - 靠近多空线+量能平稳+J值中位'],11.7,10.73,-8.290598290598282,2.905982905982905,0,2025-11-14,30
2025-10-15,000892,欢瑞世纪,6,94.8,case_002,2025-08-06,主板,['匹配case_002: 宁波韵升 - 回落短期趋势线+量能平稳+J值中位'],5.93,7.28,22.765598650927497,48.22934232715008,21,2025-11-14,30
2025-10-15,688237,超卓航科,7,94.25,case_002,2025-08-06,主板,['匹配case_002: 宁波韵升 - 回落短期趋势线+量能平稳+J值中位'],52.47,52.8,0.6289308176100596,19.077568134171905,12,2025-11-14,30
2025-10-15,688127,蓝特光学,8,94.21,case_006,2025-08-04,中小板,['匹配case_006: 国轩高科 - 靠近短期趋势线+量能平稳+J值低位'],29.71,30.68,3.264893975092557,17.300572197913162,22,2025-11-14,30
2025-10-15,688779,五矿新能,9,94.13,case_002,2025-08-06,主板,['匹配case_002: 宁波韵升 - 回落短期趋势线+量能平稳+J值中位'],7.11,9.01,26.722925457102665,31.926863572433195,29,2025-11-14,30
2025-10-15,000810,创维数字,10,94.08,case_002,2025-08-06,主板,['匹配case_002: 宁波韵升 - 回落短期趋势线+量能平稳+J值中位'],13.4,12.2,-8.955223880597023,3.95522388059701,1,2025-11-14,30
2025-10-16,301272,英华特,1,96.92,case_004,2025-07-23,主板,['匹配case_004: 方正科技 - 靠近多空线+量能平稳+J值中位'],47.921,43.59,-9.037791364954813,3.2344900982867575,0,2025-11-17,30
2025-10-16,688515,裕太微-U,2,95.75,case_004,2025-07-23,主板,['匹配case_004: 方正科技 - 靠近多空线+量能平稳+J值中位'],113.4,99.81,-11.984126984126986,6.887125220458542,14,2025-11-17,30
2025-10-16,301155,海力风电,3,95.55,case_004,2025-07-23,主板,['匹配case_004: 方正科技 - 靠近多空线+量能平稳+J值中位'],91.98,82.7,-10.089149815177214,5.338116981952594,8,2025-11-17,30
2025-10-16,002246,北化股份,4,95.27,case_003,2025-06-20,科创板,['匹配case_003: 微芯生物 - 平台整理+缩量后放量+J值低位'],20.215,18.495,-8.508533267375705,3.759584466979973,0,2025-11-17,30
2025-10-16,300341,麦克奥迪,5,95.0,case_003,2025-06-20,科创板,['匹配case_003: 微芯生物 - 平台整理+缩量后放量+J值低位'],17.57,18.3,4.154809334092205,8.537279453614115,20,2025-11-17,30
2025-10-16,603871,嘉友国际,6,94.88,case_004,2025-07-23,主板,['匹配case_004: 方正科技 - 靠近多空线+量能平稳+J值中位'],13.73,13.27,-3.350327749453757,7.3561544064093205,21,2025-11-17,30
2025-10-16,605128,上海沿浦,7,94.61,case_004,2025-07-23,主板,['匹配case_004: 方正科技 - 靠近多空线+量能平稳+J值中位'],41.93,37.05,-11.63844502742667,3.7443357977581693,0,2025-11-17,30
2025-10-16,688508,芯朋微,8,94.55,case_002,2025-08-06,主板,['匹配case_002: 宁波韵升 - 回落短期趋势线+量能平稳+J值中位'],65.78,58.4,-11.219215567041656,2.994831255700819,8,2025-11-17,30
2025-10-16,688380,中微半导,9,94.54,case_003,2025-06-20,科创板,['匹配case_003: 微芯生物 - 平台整理+缩量后放量+J值低位'],36.28,32.13,-11.438809261300987,9.013230429988964,5,2025-11-17,30
2025-10-16,300567,精测电子,10,94.43,case_006,2025-08-04,中小板,['匹配case_006: 国轩高科 - 靠近短期趋势线+量能平稳+J值低位'],73.41,69.3,-5.5986922762566405,12.110066748399403,13,2025-11-17,30
2025-10-17,600426,华鲁恒升,1,95.66,case_006,2025-08-04,中小板,['匹配case_006: 国轩高科 - 靠近短期趋势线+量能平稳+J值低位'],24.381,28.97,18.822033550715716,23.415774578565273,28,2025-11-17,30
2025-10-17,600095,湘财股份,2,95.45,case_003,2025-06-20,科创板,['匹配case_003: 微芯生物 - 平台整理+缩量后放量+J值低位'],12.28,11.73,-4.47882736156351,11.31921824104235,10,2025-11-17,30
2025-10-17,688352,颀中科技,3,95.39,case_003,2025-06-20,科创板,['匹配case_003: 微芯生物 - 平台整理+缩量后放量+J值低位'],12.84,13.08,1.8691588785046744,16.66666666666667,13,2025-11-17,30
2025-10-17,603699,纽威股份,4,94.73,case_004,2025-07-23,主板,['匹配case_004: 方正科技 - 靠近多空线+量能平稳+J值中位'],42.5,50.39,18.564705882352943,31.76470588235294,19,2025-11-17,30
2025-10-17,600846,同济科技,5,94.59,case_002,2025-08-06,主板,['匹配case_002: 宁波韵升 - 回落短期趋势线+量能平稳+J值中位'],13.88,15.45,11.311239193083562,12.031700288184437,31,2025-11-17,30
2025-10-17,301326,捷邦科技,6,94.51,case_002,2025-08-06,主板,['匹配case_002: 宁波韵升 - 回落短期趋势线+量能平稳+J值中位'],122.0,108.7,-10.901639344262293,20.393442622950815,12,2025-11-17,30
2025-10-17,002888,惠威科技,7,94.41,case_006,2025-08-04,中小板,['匹配case_006: 国轩高科 - 靠近短期趋势线+量能平稳+J值低位'],17.67,19.56,10.696095076400661,15.902659875495182,27,2025-11-17,30
2025-10-17,688365,光云科技,8,94.14,case_006,2025-08-04,中小板,['匹配case_006: 国轩高科 - 靠近短期趋势线+量能平稳+J值低位'],13.87,13.71,-1.15356885364094,8.723864455659704,17,2025-11-17,30
2025-10-17,601958,金钼股份,9,94.11,case_006,2025-08-04,中小板,['匹配case_006: 国轩高科 - 靠近短期趋势线+量能平稳+J值低位'],14.53,14.53,0.0,7.364074328974538,13,2025-11-17,30
2025-10-17,301112,信邦智能,10,94.08,case_002,2025-08-06,主板,['匹配case_002: 宁波韵升 - 回落短期趋势线+量能平稳+J值中位'],47.95,39.35,-17.93534932221064,29.301355578727833,10,2025-11-17,30
2025-10-20,600426,华鲁恒升,1,96.63,case_006,2025-08-04,中小板,['匹配case_006: 国轩高科 - 靠近短期趋势线+量能平稳+J值低位'],24.041,28.11,16.92525269331558,25.161182979077406,25,2025-11-19,30
2025-10-20,688568,中科星图,2,96.43,case_006,2025-08-04,中小板,['匹配case_006: 国轩高科 - 靠近短期趋势线+量能平稳+J值低位'],39.92,39.83,-0.22545090180361577,8.76753507014028,21,2025-11-19,30
2025-10-20,688271,联影医疗,3,96.22,case_006,2025-08-04,中小板,['匹配case_006: 国轩高科 - 靠近短期趋势线+量能平稳+J值低位'],141.05,131.11,-7.047146401985109,9.819213045019492,10,2025-11-19,30
2025-10-20,605100,华丰股份,4,95.74,case_004,2025-07-23,主板,['匹配case_004: 方正科技 - 靠近多空线+量能平稳+J值中位'],27.51,49.6,80.29807342784441,80.29807342784441,30,2025-11-19,30
2025-10-20,002145,钛能化学,5,95.29,case_002,2025-08-06,主板,['匹配case_002: 宁波韵升 - 回落短期趋势线+量能平稳+J值中位'],5.62,5.39,-4.092526690391467,4.62633451957295,29,2025-11-19,30
2025-10-20,688100,威胜信息,6,94.6,case_006,2025-08-04,中小板,['匹配case_006: 国轩高科 - 靠近短期趋势线+量能平稳+J值低位'],34.2,35.2,2.923976608187134,16.959064327485372,22,2025-11-19,30
2025-10-20,002290,禾盛新材,7,94.55,case_002,2025-08-06,主板,['匹配case_002: 宁波韵升 - 回落短期趋势线+量能平稳+J值中位'],38.69,37.45,-3.20496252261565,11.139829413285094,3,2025-11-19,30
2025-10-20,301326,捷邦科技,8,94.53,case_002,2025-08-06,主板,['匹配case_002: 宁波韵升 - 回落短期趋势线+量能平稳+J值中位'],120.99,106.18,-12.240681048020488,21.398462682866352,9,2025-11-19,30
2025-10-20,000737,北方铜业,9,94.52,case_002,2025-08-06,主板,['匹配case_002: 宁波韵升 - 回落短期趋势线+量能平稳+J值中位'],15.82,14.18,-10.366624525916565,6.068268015170675,10,2025-11-19,30
2025-10-20,601388,怡球资源,10,94.51,case_002,2025-08-06,主板,['匹配case_002: 宁波韵升 - 回落短期趋势线+量能平稳+J值中位'],2.9,3.09,6.551724137931032,18.96551724137932,23,2025-11-19,30
2025-10-21,002145,钛能化学,1,94.55,case_002,2025-08-06,主板,['匹配case_002: 宁波韵升 - 回落短期趋势线+量能平稳+J值中位'],5.56,5.26,-5.395683453237407,5.755395683453243,28,2025-11-20,30
2025-10-21,002518,科士达,2,94.17,case_002,2025-08-06,主板,['匹配case_002: 宁波韵升 - 回落短期趋势线+量能平稳+J值中位'],39.96,45.58,14.064064064064057,36.13613613613613,20,2025-11-20,30
2025-10-21,605100,华丰股份,3,94.07,case_004,2025-07-23,主板,['匹配case_004: 方正科技 - 靠近多空线+量能平稳+J值中位'],27.66,46.98,69.84815618221258,80.36876355748373,30,2025-11-20,30
2025-10-21,300182,捷成股份,4,93.85,case_002,2025-08-06,主板,['匹配case_002: 宁波韵升 - 回落短期趋势线+量能平稳+J值中位'],5.94,5.91,-0.5050505050505092,16.329966329966325,13,2025-11-20,30
2025-10-21,600489,中金黄金,5,93.54,case_002,2025-08-06,主板,['匹配case_002: 宁波韵升 - 回落短期趋势线+量能平稳+J值中位'],23.48,22.35,-4.812606473594544,3.918228279386704,0,2025-11-20,30
2025-10-21,000737,北方铜业,6,93.51,case_002,2025-08-06,主板,['匹配case_002: 宁波韵升 - 回落短期趋势线+量能平稳+J值中位'],15.92,13.92,-12.562814070351758,5.402010050251263,9,2025-11-20,30
2025-10-21,002011,盾安环境,7,93.22,case_002,2025-08-06,主板,['匹配case_002: 宁波韵升 - 回落短期趋势线+量能平稳+J值中位'],13.41,12.83,-4.325130499627145,8.053691275167786,6,2025-11-20,30
2025-10-21,600095,湘财股份,8,93.18,case_008,2025-07-10,主板,['匹配case_008: 光电股份 - 缩量后放量+J值低位+趋势上行'],12.4,11.6,-6.451612903225811,10.241935483870963,6,2025-11-20,30
2025-10-21,000672,上峰水泥,9,93.13,case_011,2025-11-12,主板,['匹配case_011: 航天发展 - 航天军工+量能异动+趋势突破'],10.85,10.65,-1.8433179723502238,7.004608294930874,10,2025-11-20,30
2025-10-21,300390,天华新能,10,93.12,case_006,2025-08-04,中小板,['匹配case_006: 国轩高科 - 靠近短期趋势线+量能平稳+J值低位'],23.35,60.94,160.9850107066381,178.32976445396142,30,2025-11-20,30
2025-10-22,688348,昱能科技,1,96.0,case_006,2025-08-04,中小板,['匹配case_006: 国轩高科 - 靠近短期趋势线+量能平稳+J值低位'],52.57,54.1,2.910405174053645,37.49286665398516,23,2025-11-21,30
2025-10-22,601618,中国中冶,2,95.45,case_008,2025-07-10,主板,['匹配case_008: 光电股份 - 缩量后放量+J值低位+趋势上行'],3.68,3.19,-13.315217391304355,5.434782608695644,5,2025-11-21,30
2025-10-22,605100,华丰股份,3,94.97,case_004,2025-07-23,主板,['匹配case_004: 方正科技 - 靠近多空线+量能平稳+J值中位'],27.56,44.6,61.82873730043542,81.02322206095792,29,2025-11-21,30
2025-10-22,002056,横店东磁,4,94.62,case_008,2025-07-10,主板,['匹配case_008: 光电股份 - 缩量后放量+J值低位+趋势上行'],20.34,18.47,-9.193706981317606,12.094395280235993,19,2025-11-21,30
2025-10-22,000400,许继电气,5,94.41,case_003,2025-06-20,科创板,['匹配case_003: 微芯生物 - 平台整理+缩量后放量+J值低位'],24.78,25.67,3.5916061339790173,23.20419693301049,15,2025-11-21,30
2025-10-22,301269,华大九天,6,94.36,case_008,2025-07-10,主板,['匹配case_008: 光电股份 - 缩量后放量+J值低位+趋势上行'],121.92,102.2,-16.174540682414698,8.185695538057745,6,2025-11-21,30
2025-10-22,002298,中电鑫龙,7,94.28,case_001,2025-05-12,科创板,['匹配case_001: 华纳药厂 - 杯型整理+缩量+J值低位'],11.74,11.87,1.107325383304932,18.39863713798978,28,2025-11-21,30
2025-10-22,301042,安联锐视,8,94.0,case_004,2025-07-23,主板,['匹配case_004: 方正科技 - 靠近多空线+量能平稳+J值中位'],60.6,66.58,9.867986798679862,20.95709570957095,28,2025-11-21,30
2025-10-22,600751,海航科技,9,93.99,case_004,2025-07-23,主板,['匹配case_004: 方正科技 - 靠近多空线+量能平稳+J值中位'],4.6,3.94,-14.347826086956516,15.21739130434783,20,2025-11-21,30
2025-10-22,688596,正帆科技,10,93.7,case_001,2025-05-12,科创板,['匹配case_001: 华纳药厂 - 杯型整理+缩量+J值低位'],40.21,28.56,-28.972892315344446,1.3429495150460062,0,2025-11-21,30
2025-10-23,002145,钛能化学,1,95.54,case_002,2025-08-06,主板,['匹配case_002: 宁波韵升 - 回落短期趋势线+量能平稳+J值中位'],5.45,4.88,-10.45871559633028,7.889908256880728,26,2025-11-24,30
2025-10-23,601618,中国中冶,2,94.67,case_008,2025-07-10,主板,['匹配case_008: 光电股份 - 缩量后放量+J值低位+趋势上行'],3.68,3.21,-12.771739130434787,5.434782608695644,4,2025-11-24,30
2025-10-23,605389,长龄液压,3,94.58,case_004,2025-07-23,主板,['匹配case_004: 方正科技 - 靠近多空线+量能平稳+J值中位'],64.86,64.93,0.10792476102375484,9.004008633980886,28,2025-11-24,30
2025-10-23,000878,云南铜业,4,94.15,case_002,2025-08-06,主板,['匹配case_002: 宁波韵升 - 回落短期趋势线+量能平稳+J值中位'],17.91,16.18,-9.659408151870466,6.3093243997766555,4,2025-11-24,30
2025-10-23,600857,宁波中百,5,93.9,case_001,2025-05-12,科创板,['匹配case_001: 华纳药厂 - 杯型整理+缩量+J值低位'],14.09,15.35,8.942512420156138,32.57629524485451,18,2025-11-24,30
2025-10-23,000035,中国天楹,6,93.7,case_008,2025-07-10,主板,['匹配case_008: 光电股份 - 缩量后放量+J值低位+趋势上行'],5.74,5.71,-0.5226480836236976,8.536585365853663,28,2025-11-24,30
2025-10-23,688106,金宏气体,7,93.7,case_004,2025-07-23,主板,['匹配case_004: 方正科技 - 靠近多空线+量能平稳+J值中位'],19.9,18.68,-6.130653266331653,16.080402010050264,18,2025-11-24,30
2025-10-23,301019,宁波色母,8,93.63,case_009,2025-08-01,创业板,['匹配case_009: 新瀚新材 - 缩量后放量+价格接近短期趋势线+J值中位'],18.73,21.37,14.09503470368393,39.5621996796583,28,2025-11-24,30
2025-10-23,002394,联发股份,9,93.55,case_004,2025-07-23,主板,['匹配case_004: 方正科技 - 靠近多空线+量能平稳+J值中位'],11.18,12.2,9.12343470483005,26.833631484794275,28,2025-11-24,30
2025-10-23,600848,上海临港,10,93.52,case_003,2025-06-20,科创板,['匹配case_003: 微芯生物 - 平台整理+缩量后放量+J值低位'],11.33,11.56,2.030008826125335,25.242718446601938,22,2025-11-24,30
2025-10-24,001326,联域股份,1,95.01,case_002,2025-08-06,主板,['匹配case_002: 宁波韵升 - 回落短期趋势线+量能平稳+J值中位'],50.57,43.35,-14.277239470041525,6.070792960253115,0,2025-11-24,30
2025-10-24,300539,横河精密,2,94.48,case_002,2025-08-06,主板,['匹配case_002: 宁波韵升 - 回落短期趋势线+量能平稳+J值中位'],49.8,40.65,-18.373493975903614,10.020080321285144,5,2025-11-24,30
2025-10-24,600157,永泰能源,3,94.28,case_004,2025-07-23,主板,['匹配case_004: 方正科技 - 靠近多空线+量能平稳+J值中位'],1.65,1.56,-5.454545454545446,10.303030303030312,25,2025-11-24,30
2025-10-24,605289,罗曼股份,4,94.24,case_002,2025-08-06,主板,['匹配case_002: 宁波韵升 - 回落短期趋势线+量能平稳+J值中位'],70.5,63.46,-9.985815602836878,3.2624113475177263,3,2025-11-24,30
2025-10-24,603823,百合花,5,93.95,case_002,2025-08-06,主板,['匹配case_002: 宁波韵升 - 回落短期趋势线+量能平稳+J值中位'],15.09,15.03,-0.3976143141153115,28.49569251159709,11,2025-11-24,30
2025-10-24,600848,上海临港,6,93.87,case_002,2025-08-06,主板,['匹配case_002: 宁波韵升 - 回落短期趋势线+量能平稳+J值中位'],11.44,11.56,1.0489510489510576,24.03846153846154,21,2025-11-24,30
2025-10-24,002226,江南化工,7,93.62,case_004,2025-07-23,主板,['匹配case_004: 方正科技 - 靠近多空线+量能平稳+J值中位'],6.58,6.1,-7.294832826747727,5.319148936170207,19,2025-11-24,30
2025-10-24,603095,越剑智能,8,93.57,case_004,2025-07-23,主板,['匹配case_004: 方正科技 - 靠近多空线+量能平稳+J值中位'],15.83,14.41,-8.970309538850284,16.298168035375866,11,2025-11-24,30
2025-10-24,605389,长龄液压,9,93.34,case_004,2025-07-23,主板,['匹配case_004: 方正科技 - 靠近多空线+量能平稳+J值中位'],65.26,64.93,-0.5056696291756025,8.335887220349369,27,2025-11-24,30
2025-10-24,688187,时代电气,10,93.18,case_002,2025-08-06,主板,['匹配case_002: 宁波韵升 - 回落短期趋势线+量能平稳+J值中位'],55.03,49.98,-9.176812647646745,5.651462838451753,6,2025-11-24,30
2025-10-27,002634,棒杰股份,1,97.16,case_004,2025-07-23,主板,['匹配case_004: 方正科技 - 靠近多空线+量能平稳+J值中位'],4.92,6.3,28.048780487804876,31.504065040650403,25,2025-11-26,30
2025-10-27,688038,中科通达,2,95.65,case_002,2025-08-06,主板,['匹配case_002: 宁波韵升 - 回落短期趋势线+量能平稳+J值中位'],19.52,16.57,-15.112704918032785,2.407786885245896,1,2025-11-26,30
2025-10-27,300537,广信材料,3,95.62,case_004,2025-07-23,主板,['匹配case_004: 方正科技 - 靠近多空线+量能平稳+J值中位'],26.59,22.68,-14.704776231666042,5.6788266265513405,0,2025-11-26,30
2025-10-27,300539,横河精密,4,95.43,case_002,2025-08-06,主板,['匹配case_002: 宁波韵升 - 回落短期趋势线+量能平稳+J值中位'],49.6,44.18,-10.927419354838714,10.46370967741935,2,2025-11-26,30
2025-10-27,688033,天宜新材,5,94.24,case_002,2025-08-06,主板,['匹配case_002: 宁波韵升 - 回落短期趋势线+量能平稳+J值中位'],6.97,5.64,-19.08177905308465,7.747489239598279,11,2025-11-26,30
2025-10-27,600848,上海临港,6,94.21,case_002,2025-08-06,主板,['匹配case_002: 宁波韵升 - 回落短期趋势线+量能平稳+J值中位'],11.44,11.86,3.6713286713286704,24.03846153846154,18,2025-11-26,30
2025-10-27,300096,ST易联众,7,94.15,case_002,2025-08-06,主板,['匹配case_002: 宁波韵升 - 回落短期趋势线+量能平稳+J值中位'],7.78,7.36,-5.3984575835475574,11.311053984575834,16,2025-11-26,30
2025-10-27,603095,越剑智能,8,94.04,case_004,2025-07-23,主板,['匹配case_004: 方正科技 - 靠近多空线+量能平稳+J值中位'],15.75,14.4,-8.57142857142857,16.88888888888889,8,2025-11-26,30
2025-10-27,600157,永泰能源,9,93.98,case_004,2025-07-23,主板,['匹配case_004: 方正科技 - 靠近多空线+量能平稳+J值中位'],1.63,1.58,-3.0674846625766765,11.656441717791424,22,2025-11-26,30
2025-10-27,002531,天顺风能,10,93.93,case_004,2025-07-23,主板,['匹配case_004: 方正科技 - 靠近多空线+量能平稳+J值中位'],7.86,6.96,-11.450381679389317,3.8167938931297685,0,2025-11-26,30
2025-10-28,300096,ST易联众,1,95.82,case_002,2025-08-06,主板,['匹配case_002: 宁波韵升 - 回落短期趋势线+量能平稳+J值中位'],7.75,7.29,-5.935483870967741,11.74193548387097,15,2025-11-27,30
2025-10-28,000517,荣安地产,2,94.92,case_006,2025-08-04,中小板,['匹配case_006: 国轩高科 - 靠近短期趋势线+量能平稳+J值低位'],2.05,2.06,0.48780487804879175,8.780487804878058,21,2025-11-27,30
2025-10-28,002626,金达威,3,94.55,case_008,2025-07-10,主板,['匹配case_008: 光电股份 - 缩量后放量+J值低位+趋势上行'],20.27,18.81,-7.202762703502717,6.166748889985199,16,2025-11-27,30
2025-10-28,600546,山煤国际,4,94.52,case_011,2025-11-12,主板,['匹配case_011: 航天发展 - 航天军工+量能异动+趋势突破'],10.77,10.37,-3.7140204271123523,11.234911792014865,10,2025-11-27,30
2025-10-28,600676,交运股份,5,94.38,case_008,2025-07-10,主板,['匹配case_008: 光电股份 - 缩量后放量+J值低位+趋势上行'],6.39,5.99,-6.259780907668223,1.8779342723004713,3,2025-11-27,30
2025-10-28,300393,中来股份,6,94.34,case_006,2025-08-04,中小板,['匹配case_006: 国轩高科 - 靠近短期趋势线+量能平稳+J值低位'],5.82,7.04,20.962199312714773,62.0274914089347,17,2025-11-27,30
2025-10-28,601212,白银有色,7,93.31,case_001,2025-05-12,科创板,['匹配case_001: 华纳药厂 - 杯型整理+缩量+J值低位'],5.23,4.74,-9.36902485659656,7.074569789674936,3,2025-11-27,30
2025-10-28,300537,广信材料,8,93.3,case_004,2025-07-23,主板,['匹配case_004: 方正科技 - 靠近多空线+量能平稳+J值中位'],26.52,22.62,-14.705882352941172,2.375565610859725,0,2025-11-27,30
2025-10-28,688058,宝兰德,9,93.22,case_003,2025-06-20,科创板,['匹配case_003: 微芯生物 - 平台整理+缩量后放量+J值低位'],32.47,29.19,-10.101632275947022,6.467508469356334,7,2025-11-27,30
2025-10-28,603839,安正时尚,10,93.0,case_003,2025-06-20,科创板,['匹配case_003: 微芯生物 - 平台整理+缩量后放量+J值低位'],8.91,8.38,-5.948372615039275,6.060606060606051,21,2025-11-27,30
2025-10-29,603889,新澳股份,1,95.5,case_004,2025-07-23,主板,['匹配case_004: 方正科技 - 靠近多空线+量能平稳+J值中位'],7.62,7.66,0.5249343832021002,14.041994750656158,15,2025-11-28,30
2025-10-29,002343,慈文传媒,2,94.34,case_006,2025-08-04,中小板,['匹配case_006: 国轩高科 - 靠近短期趋势线+量能平稳+J值低位'],7.67,8.36,8.9960886571056,10.56062581486311,28,2025-11-28,30
2025-10-29,601588,北辰实业,3,94.19,case_006,2025-08-04,中小板,['匹配case_006: 国轩高科 - 靠近短期趋势线+量能平稳+J值低位'],1.91,1.86,-2.61780104712041,9.9476439790576,19,2025-11-28,30
2025-10-29,600676,交运股份,4,93.96,case_008,2025-07-10,主板,['匹配case_008: 光电股份 - 缩量后放量+J值低位+趋势上行'],6.42,6.02,-6.2305295950155815,1.4018691588785024,2,2025-11-28,30
2025-10-29,002585,双星新材,5,93.78,case_006,2025-08-04,中小板,['匹配case_006: 国轩高科 - 靠近短期趋势线+量能平稳+J值低位'],5.35,5.69,6.355140186915902,15.887850467289729,20,2025-11-28,30
2025-10-29,603080,新疆火炬,6,93.56,case_002,2025-08-06,主板,['匹配case_002: 宁波韵升 - 回落短期趋势线+量能平稳+J值中位'],23.77,23.21,-2.355910811947828,6.857383256205296,9,2025-11-28,30
2025-10-29,000417,合百集团,7,93.54,case_008,2025-07-10,主板,['匹配case_008: 光电股份 - 缩量后放量+J值低位+趋势上行'],7.09,7.2,1.5514809590973246,11.142454160789846,22,2025-11-28,30
2025-10-29,002923,润都股份,8,93.28,case_006,2025-08-04,中小板,['匹配case_006: 国轩高科 - 靠近短期趋势线+量能平稳+J值低位'],12.91,14.09,9.140201394268006,11.154144074360957,16,2025-11-28,30
2025-10-29,688215,瑞晟智能,9,92.92,case_002,2025-08-06,主板,['匹配case_002: 宁波韵升 - 回落短期趋势线+量能平稳+J值中位'],79.2,75.7,-4.41919191919192,4.785353535353525,2,2025-11-28,30
2025-10-29,600630,龙头股份,10,92.75,case_009,2025-08-01,创业板,['匹配case_009: 新瀚新材 - 缩量后放量+价格接近短期趋势线+J值中位'],9.37,10.23,9.178228388473867,10.565635005336183,29,2025-11-28,30
2025-10-30,000564,供销大集,1,96.91,case_006,2025-08-04,中小板,['匹配case_006: 国轩高科 - 靠近短期趋势线+量能平稳+J值低位'],2.58,2.6,0.7751937984496131,15.116279069767447,15,2025-12-01,30
2025-10-30,605499,东鹏饮料,2,96.06,case_006,2025-08-04,中小板,['匹配case_006: 国轩高科 - 靠近短期趋势线+量能平稳+J值低位'],280.0,269.03,-3.917857142857153,2.142857142857143,0,2025-12-01,30
2025-10-30,601588,北辰实业,3,95.85,case_006,2025-08-04,中小板,['匹配case_006: 国轩高科 - 靠近短期趋势线+量能平稳+J值低位'],1.89,1.86,-1.5873015873015772,11.111111111111121,18,2025-12-01,30
2025-10-30,002634,棒杰股份,4,95.49,case_004,2025-07-23,主板,['匹配case_004: 方正科技 - 靠近多空线+量能平稳+J值中位'],4.88,6.14,25.819672131147538,33.81147540983607,28,2025-12-01,30
2025-10-30,002102,能特科技,5,95.21,case_006,2025-08-04,中小板,['匹配case_006: 国轩高科 - 靠近短期趋势线+量能平稳+J值低位'],3.82,3.59,-6.020942408376963,3.926701570680638,15,2025-12-01,30
2025-10-30,000517,荣安地产,6,94.72,case_006,2025-08-04,中小板,['匹配case_006: 国轩高科 - 靠近短期趋势线+量能平稳+J值低位'],1.98,2.05,3.5353535353535275,12.626262626262626,19,2025-12-01,30
2025-10-30,603726,朗迪集团,7,94.3,case_002,2025-08-06,主板,['匹配case_002: 宁波韵升 - 回落短期趋势线+量能平稳+J值中位'],23.8,22.77,-4.32773109243698,7.100840336134444,8,2025-12-01,30
2025-10-30,002971,和远气体,8,94.15,case_004,2025-07-23,主板,['匹配case_004: 方正科技 - 靠近多空线+量能平稳+J值中位'],35.73,33.21,-7.052896725440795,16.428771340610147,8,2025-12-01,30
2025-10-30,000417,合百集团,9,94.14,case_003,2025-06-20,科创板,['匹配case_003: 微芯生物 - 平台整理+缩量后放量+J值低位'],6.85,7.24,5.693430656934315,15.036496350364967,21,2025-12-01,30
2025-10-30,605090,九丰能源,10,93.98,case_004,2025-07-23,主板,['匹配case_004: 方正科技 - 靠近多空线+量能平稳+J值中位'],32.47,32.17,-0.9239297813366097,11.672312904219277,18,2025-12-01,30
2025-10-31,300211,*ST亿通,1,96.8,case_002,2025-08-06,主板,['匹配case_002: 宁波韵升 - 回落短期趋势线+量能平稳+J值中位'],9.56,8.83,-7.635983263598331,1.673640167364018,4,2025-12-01,30
2025-10-31,000517,荣安地产,2,95.74,case_006,2025-08-04,中小板,['匹配case_006: 国轩高科 - 靠近短期趋势线+量能平稳+J值低位'],1.96,2.05,4.59183673469387,13.775510204081634,18,2025-12-01,30
2025-10-31,000926,福星股份,3,94.9,case_006,2025-08-04,中小板,['匹配case_006: 国轩高科 - 靠近短期趋势线+量能平稳+J值低位'],2.52,2.53,0.39682539682538837,14.682539682539685,17,2025-12-01,30
2025-10-31,001270,*ST铖昌,4,94.86,case_004,2025-07-23,主板,['匹配case_004: 方正科技 - 靠近多空线+量能平稳+J值中位'],45.67,46.56,1.948762864024525,2.890299978103789,10,2025-12-01,30
2025-10-31,605499,东鹏饮料,5,94.8,case_006,2025-08-04,中小板,['匹配case_006: 国轩高科 - 靠近短期趋势线+量能平稳+J值低位'],280.0,269.03,-3.917857142857153,1.278571428571423,0,2025-12-01,30
2025-10-31,600769,祥龙电业,6,94.77,case_002,2025-08-06,主板,['匹配case_002: 宁波韵升 - 回落短期趋势线+量能平稳+J值中位'],13.88,12.89,-7.132564841498561,3.0979827089337153,11,2025-12-01,30
2025-10-31,300167,ST迪威迅,7,94.57,case_001,2025-05-12,科创板,['匹配case_001: 华纳药厂 - 杯型整理+缩量+J值低位'],6.12,5.5,-10.130718954248367,3.1045751633986844,4,2025-12-01,30
2025-10-31,301369,联动科技,8,94.5,case_004,2025-07-23,主板,['匹配case_004: 方正科技 - 靠近多空线+量能平稳+J值中位'],86.08,106.49,23.710501858736055,25.464684014869892,31,2025-12-01,30
2025-10-31,002701,奥瑞金,9,94.13,case_004,2025-07-23,主板,['匹配case_004: 方正科技 - 靠近多空线+量能平稳+J值中位'],6.02,5.9,-1.9933554817275618,2.3255813953488467,13,2025-12-01,30
2025-10-31,301265,华新环保,10,94.06,case_004,2025-07-23,主板,['匹配case_004: 方正科技 - 靠近多空线+量能平稳+J值中位'],11.8,12.09,2.4576271186440604,4.322033898305082,31,2025-12-01,30
2025-11-03,300844,山水比德,1,95.36,case_002,2025-08-06,主板,['匹配case_002: 宁波韵升 - 回落短期趋势线+量能平稳+J值中位'],51.78,36.33,-29.837775202781003,6.566241792197756,11,2025-12-03,30
2025-11-03,688531,日联科技,2,94.72,case_002,2025-08-06,主板,['匹配case_002: 宁波韵升 - 回落短期趋势线+量能平稳+J值中位'],67.41,60.66,-10.013351134846463,2.788903723483177,0,2025-12-03,30
2025-11-03,002971,和远气体,3,94.42,case_004,2025-07-23,主板,['匹配case_004: 方正科技 - 靠近多空线+量能平稳+J值中位'],34.88,32.05,-8.113532110091757,19.266055045871553,4,2025-12-03,30
2025-11-03,600724,宁波富达,4,94.18,case_004,2025-07-23,主板,['匹配case_004: 方正科技 - 靠近多空线+量能平稳+J值中位'],5.29,5.66,6.994328922495276,11.153119092627596,30,2025-12-03,30
2025-11-03,301369,联动科技,5,94.05,case_002,2025-08-06,主板,['匹配case_002: 宁波韵升 - 回落短期趋势线+量能平稳+J值中位'],85.96,108.64,26.38436482084692,27.60586319218242,30,2025-12-03,30
2025-11-03,603111,康尼机电,6,93.95,case_006,2025-08-04,中小板,['匹配case_006: 国轩高科 - 靠近短期趋势线+量能平稳+J值低位'],7.35,6.91,-5.986394557823123,3.673469387755109,0,2025-12-03,30
2025-11-03,002701,奥瑞金,7,93.27,case_002,2025-08-06,主板,['匹配case_002: 宁波韵升 - 回落短期趋势线+量能平稳+J值中位'],5.97,5.87,-1.675041876046895,3.1825795644891186,10,2025-12-03,30
2025-11-03,688187,时代电气,8,92.82,case_004,2025-07-23,主板,['匹配case_004: 方正科技 - 靠近多空线+量能平稳+J值中位'],51.69,48.67,-5.842522731669561,5.146063068291746,11,2025-12-03,30
2025-11-03,688249,晶合集成,9,92.73,case_002,2025-08-06,主板,['匹配case_002: 宁波韵升 - 回落短期趋势线+量能平稳+J值中位'],33.33,30.18,-9.450945094509446,2.370237023702368,1,2025-12-03,30
2025-11-03,300257,开山股份,10,92.67,case_002,2025-08-06,主板,['匹配case_002: 宁波韵升 - 回落短期趋势线+量能平稳+J值中位'],15.85,14.21,-10.347003154574125,10.851735015772874,9,2025-12-03,30
2025-11-04,603111,康尼机电,1,95.75,case_006,2025-08-04,中小板,['匹配case_006: 国轩高科 - 靠近短期趋势线+量能平稳+J值低位'],7.3,6.96,-4.657534246575341,2.3287671232876703,2,2025-12-04,30
2025-11-04,600769,祥龙电业,2,95.6,case_002,2025-08-06,主板,['匹配case_002: 宁波韵升 - 回落短期趋势线+量能平稳+J值中位'],13.43,12.58,-6.32911392405063,6.55249441548772,7,2025-12-04,30
2025-11-04,603889,新澳股份,3,95.06,case_004,2025-07-23,主板,['匹配case_004: 方正科技 - 靠近多空线+量能平稳+J值中位'],7.61,7.67,0.788436268068326,14.191852825229951,9,2025-12-04,30
2025-11-04,688531,日联科技,4,94.62,case_002,2025-08-06,主板,['匹配case_002: 宁波韵升 - 回落短期趋势线+量能平稳+J值中位'],67.57,61.3,-9.279265946425925,0.7695722953973809,0,2025-12-04,30
2025-11-04,002054,德美化工,5,94.5,case_011,2025-11-12,主板,['匹配case_011: 航天发展 - 航天军工+量能异动+趋势突破'],8.31,7.57,-8.90493381468111,3.730445246690718,7,2025-12-04,30
2025-11-04,301557,常友科技,6,94.48,case_004,2025-07-23,主板,['匹配case_004: 方正科技 - 靠近多空线+量能平稳+J值中位'],91.56,130.24,42.24552206203583,51.68195718654434,27,2025-12-04,30
2025-11-04,002656,*ST摩登,7,94.18,case_011,2025-11-12,主板,['匹配case_011: 航天发展 - 航天军工+量能异动+趋势突破'],2.51,2.74,9.163346613545835,14.741035856573712,30,2025-12-04,30
2025-11-04,002963,豪尔赛,8,93.9,case_002,2025-08-06,主板,['匹配case_002: 宁波韵升 - 回落短期趋势线+量能平稳+J值中位'],16.67,15.14,-9.17816436712658,15.176964607078569,15,2025-12-04,30
2025-11-04,603110,东方材料,9,93.76,case_004,2025-07-23,主板,['匹配case_004: 方正科技 - 靠近多空线+量能平稳+J值中位'],17.84,15.55,-12.836322869955152,2.690582959641258,7,2025-12-04,30
2025-11-04,601515,衢州东峰,10,93.73,case_004,2025-07-23,主板,['匹配case_004: 方正科技 - 靠近多空线+量能平稳+J值中位'],4.75,4.41,-7.157894736842102,12.631578947368412,13,2025-12-04,30
2025-11-05,688619,罗普特,1,96.11,case_004,2025-07-23,主板,['匹配case_004: 方正科技 - 靠近多空线+量能平稳+J值中位'],15.85,14.76,-6.876971608832807,3.154574132492125,1,2025-12-05,30
2025-11-05,300844,山水比德,2,95.74,case_002,2025-08-06,主板,['匹配case_002: 宁波韵升 - 回落短期趋势线+量能平稳+J值中位'],51.98,36.3,-30.165448249326666,6.15621392843402,9,2025-12-05,30
2025-11-05,603500,祥和实业,3,95.36,case_002,2025-08-06,主板,['匹配case_002: 宁波韵升 - 回落短期趋势线+量能平稳+J值中位'],12.27,11.36,-7.416462917685412,5.704971475142633,6,2025-12-05,30
2025-11-05,600711,盛屯矿业,4,94.74,case_002,2025-08-06,主板,['匹配case_002: 宁波韵升 - 回落短期趋势线+量能平稳+J值中位'],10.291,13.93,35.36099504421338,37.5959576328831,30,2025-12-05,30
2025-11-05,600626,申达股份,5,94.38,case_002,2025-08-06,主板,['匹配case_002: 宁波韵升 - 回落短期趋势线+量能平稳+J值中位'],5.22,4.81,-7.854406130268202,2.2988505747126458,1,2025-12-05,30
2025-11-05,600345,长江通信,6,94.26,case_006,2025-08-04,中小板,['匹配case_006: 国轩高科 - 靠近短期趋势线+量能平稳+J值低位'],25.55,28.81,12.759295499021519,16.634050880626223,30,2025-12-05,30
2025-11-05,300850,新强联,7,94.16,case_002,2025-08-06,主板,['匹配case_002: 宁波韵升 - 回落短期趋势线+量能平稳+J值中位'],50.19,47.23,-5.897589161187489,3.5465232117951806,9,2025-12-05,30
2025-11-05,688578,艾力斯,8,94.16,case_006,2025-08-04,中小板,['匹配case_006: 国轩高科 - 靠近短期趋势线+量能平稳+J值低位'],100.99,96.27,-4.673730072284384,2.980493118130513,9,2025-12-05,30
2025-11-05,301282,金禄电子,9,93.97,case_006,2025-08-04,中小板,['匹配case_006: 国轩高科 - 靠近短期趋势线+量能平稳+J值低位'],26.262,25.54,-2.749219404462727,1.2184905947757225,1,2025-12-05,30
2025-11-05,300901,中胤时尚,10,93.64,case_004,2025-07-23,主板,['匹配case_004: 方正科技 - 靠近多空线+量能平稳+J值中位'],17.69,15.7,-11.249293386093848,3.2221594120972314,16,2025-12-05,30
2025-11-06,603110,东方材料,1,95.47,case_002,2025-08-06,主板,['匹配case_002: 宁波韵升 - 回落短期趋势线+量能平稳+J值中位'],17.97,15.96,-11.185308848080124,1.9476905954368473,5,2025-12-08,30
2025-11-06,605008,长鸿高科,2,95.31,case_004,2025-07-23,主板,['匹配case_004: 方正科技 - 靠近多空线+量能平稳+J值中位'],17.97,15.25,-15.136338341680574,4.396215915414595,4,2025-12-08,30
2025-11-06,300986,志特新材,3,94.73,case_008,2025-07-10,主板,['匹配case_008: 光电股份 - 缩量后放量+J值低位+趋势上行'],11.92,10.48,-12.080536912751674,0.5872483221476533,0,2025-12-08,30
2025-11-06,603500,祥和实业,4,94.56,case_002,2025-08-06,主板,['匹配case_002: 宁波韵升 - 回落短期趋势线+量能平稳+J值中位'],12.33,11.32,-8.19140308191403,5.1905920519059245,5,2025-12-08,30
2025-11-06,600119,长江投资,5,94.15,case_003,2025-06-20,科创板,['匹配case_003: 微芯生物 - 平台整理+缩量后放量+J值低位'],8.74,8.57,-1.94508009153318,2.9748283752860387,0,2025-12-08,30
2025-11-06,300768,迪普科技,6,93.96,case_002,2025-08-06,主板,['匹配case_002: 宁波韵升 - 回落短期趋势线+量能平稳+J值中位'],22.38,19.5,-12.868632707774797,1.563896336014305,0,2025-12-08,30
2025-11-06,002054,德美化工,7,93.93,case_008,2025-07-10,主板,['匹配case_008: 光电股份 - 缩量后放量+J值低位+趋势上行'],8.23,7.76,-5.71081409477522,4.738760631834736,5,2025-12-08,30
2025-11-06,688059,华锐精密,8,93.81,case_002,2025-08-06,主板,['匹配case_002: 宁波韵升 - 回落短期趋势线+量能平稳+J值中位'],80.9,85.96,6.254635352286758,7.169344870210131,32,2025-12-08,30
2025-11-06,300509,新美星,9,93.52,case_004,2025-07-23,主板,['匹配case_004: 方正科技 - 靠近多空线+量能平稳+J值中位'],10.87,13.16,21.06715731370746,34.49862005519779,22,2025-12-08,30
2025-11-06,300850,新强联,10,93.52,case_002,2025-08-06,主板,['匹配case_002: 宁波韵升 - 回落短期趋势线+量能平稳+J值中位'],49.82,47.43,-4.797270172621438,4.315535929345642,8,2025-12-08,30
2025-11-07,688619,罗普特,1,96.36,case_004,2025-07-23,主板,['匹配case_004: 方正科技 - 靠近多空线+量能平稳+J值中位'],15.88,15.2,-4.282115869017641,1.952141057934512,0,2025-12-08,30
2025-11-07,002931,锋龙股份,2,96.04,case_003,2025-06-20,科创板,['匹配case_003: 微芯生物 - 平台整理+缩量后放量+J值低位'],16.38,19.54,19.291819291819294,36.56898656898658,21,2025-12-08,30
2025-11-07,300971,博亚精工,3,95.23,case_004,2025-07-23,主板,['匹配case_004: 方正科技 - 靠近多空线+量能平稳+J值中位'],24.37,24.78,1.6823963890028728,13.33606893721789,12,2025-12-08,30
2025-11-07,600094,大名城,4,94.84,case_004,2025-07-23,主板,['匹配case_004: 方正科技 - 靠近多空线+量能平稳+J值中位'],5.2,4.1,-21.153846153846164,13.846153846153841,5,2025-12-08,30
2025-11-07,002342,巨力索具,5,94.72,case_002,2025-08-06,主板,['匹配case_002: 宁波韵升 - 回落短期趋势线+量能平稳+J值中位'],7.92,7.45,-5.934343434343431,2.020202020202022,0,2025-12-08,30
2025-11-07,300986,志特新材,6,94.69,case_003,2025-06-20,科创板,['匹配case_003: 微芯生物 - 平台整理+缩量后放量+J值低位'],11.61,10.48,-9.732988802756235,2.4978466838932034,3,2025-12-08,30
2025-11-07,002530,金财互联,7,94.33,case_006,2025-08-04,中小板,['匹配case_006: 国轩高科 - 靠近短期趋势线+量能平稳+J值低位'],10.86,10.08,-7.182320441988945,1.381215469613263,4,2025-12-08,30
2025-11-07,301105,鸿铭股份,8,94.05,case_004,2025-07-23,主板,['匹配case_004: 方正科技 - 靠近多空线+量能平稳+J值中位'],44.96,46.25,2.869217081850532,8.540925266903907,10,2025-12-08,30
2025-11-07,688485,九州一轨,9,93.94,case_003,2025-06-20,科创板,['匹配case_003: 微芯生物 - 平台整理+缩量后放量+J值低位'],15.27,15.86,3.863785199738048,7.858546168958738,11,2025-12-08,30
2025-11-07,300161,华中数控,10,93.79,case_008,2025-07-10,主板,['匹配case_008: 光电股份 - 缩量后放量+J值低位+趋势上行'],30.0,28.96,-3.4666666666666637,3.2999999999999945,3,2025-12-08,30
2025-11-10,300349,金卡智能,1,95.26,case_008,2025-07-10,主板,['匹配case_008: 光电股份 - 缩量后放量+J值低位+趋势上行'],13.64,13.59,-0.3665689149560169,2.9325513196480832,8,2025-12-10,30
2025-11-10,301312,智立方,2,94.47,case_006,2025-08-04,中小板,['匹配case_006: 国轩高科 - 靠近短期趋势线+量能平稳+J值低位'],47.26,50.31,6.453660600931029,11.087600507829036,28,2025-12-10,30
2025-11-10,300889,爱克股份,3,93.97,case_002,2025-08-06,主板,['匹配case_002: 宁波韵升 - 回落短期趋势线+量能平稳+J值中位'],22.46,23.45,4.407836153161168,37.845057880676755,23,2025-12-10,30
2025-11-10,601231,环旭电子,4,93.95,case_001,2025-05-12,科创板,['匹配case_001: 华纳药厂 - 杯型整理+缩量+J值低位'],22.98,24.2,5.30896431679721,14.229765013054829,29,2025-12-10,30
2025-11-10,300136,信维通信,5,93.82,case_010,2025-07-11,中小板,['匹配case_010: 昂利康 - 价格接近短期趋势线+缩量+顶部未放量'],32.73,34.3,4.796822487014972,9.379773907729913,30,2025-12-10,30
2025-11-10,301607,富特科技,6,93.82,case_004,2025-07-23,主板,['匹配case_004: 方正科技 - 靠近多空线+量能平稳+J值中位'],43.02,43.04,0.04649000464899121,5.06741050674105,0,2025-12-10,30
2025-11-10,603280,南方路机,7,93.73,case_003,2025-06-20,科创板,['匹配case_003: 微芯生物 - 平台整理+缩量后放量+J值低位'],39.37,42.21,7.213614427228864,19.81203962407926,16,2025-12-10,30
2025-11-10,301008,宏昌科技,8,93.53,case_006,2025-08-04,中小板,['匹配case_006: 国轩高科 - 靠近短期趋势线+量能平稳+J值低位'],38.55,34.37,-10.843060959792478,2.2308690012970156,0,2025-12-10,30
2025-11-10,003029,吉大正元,9,93.44,case_003,2025-06-20,科创板,['匹配case_003: 微芯生物 - 平台整理+缩量后放量+J值低位'],26.52,26.21,-1.1689291101055759,2.94117647058824,29,2025-12-10,30
2025-11-10,600658,电子城,10,93.3,case_008,2025-07-10,主板,['匹配case_008: 光电股份 - 缩量后放量+J值低位+趋势上行'],5.95,5.81,-2.3529411764705976,1.0084033613445313,2,2025-12-10,30
2025-11-11,000547,航天发展,1,100.0,case_011,2025-11-12,主板,['匹配case_011: 航天发展 - 航天军工+量能异动+趋势突破'],8.47,20.25,139.07910271546632,171.54663518299878,28,2025-12-11,30
2025-11-11,300083,创世纪,2,96.18,case_006,2025-08-04,中小板,['匹配case_006: 国轩高科 - 靠近短期趋势线+量能平稳+J值低位'],9.43,8.96,-4.9840933191940495,2.7571580063626704,0,2025-12-11,30
2025-11-11,300619,金银河,3,95.91,case_002,2025-08-06,主板,['匹配case_002: 宁波韵升 - 回落短期趋势线+量能平稳+J值中位'],43.06,49.33,14.561077566186706,27.72875058058522,17,2025-12-11,30
2025-11-11,301607,富特科技,4,95.82,case_002,2025-08-06,主板,['匹配case_002: 宁波韵升 - 回落短期趋势线+量能平稳+J值中位'],42.98,42.61,-0.8608655188459691,3.5830618892508292,0,2025-12-11,30
2025-11-11,300349,金卡智能,5,95.41,case_008,2025-07-10,主板,['匹配case_008: 光电股份 - 缩量后放量+J值低位+趋势上行'],13.67,13.68,0.07315288953913524,2.7066569129480555,7,2025-12-11,30
2025-11-11,001359,平安电工,6,94.99,case_006,2025-08-04,中小板,['匹配case_006: 国轩高科 - 靠近短期趋势线+量能平稳+J值低位'],47.31,64.0,35.27795392094694,36.33481293595434,30,2025-12-11,30
2025-11-11,002842,翔鹭钨业,7,94.96,case_008,2025-07-10,主板,['匹配case_008: 光电股份 - 缩量后放量+J值低位+趋势上行'],11.36,11.52,1.4084507042253533,10.915492957746482,7,2025-12-11,30
2025-11-11,603685,晨丰科技,8,94.93,case_004,2025-07-23,主板,['匹配case_004: 方正科技 - 靠近多空线+量能平稳+J值中位'],20.24,19.6,-3.1620553359683647,8.843873517786575,22,2025-12-11,30
2025-11-11,301312,智立方,9,94.81,case_006,2025-08-04,中小板,['匹配case_006: 国轩高科 - 靠近短期趋势线+量能平稳+J值低位'],46.51,48.16,3.5476241668458366,12.87895076327672,27,2025-12-11,30
2025-11-11,600658,电子城,10,94.81,case_008,2025-07-10,主板,['匹配case_008: 光电股份 - 缩量后放量+J值低位+趋势上行'],5.9,5.5,-6.7796610169491585,1.8644067796610073,1,2025-12-11,30
2025-11-12,603917,合力科技,1,97.0,case_004,2025-07-23,主板,['匹配case_004: 方正科技 - 靠近多空线+量能平稳+J值中位'],15.25,13.96,-8.459016393442617,2.163934426229509,0,2025-12-12,30
2025-11-12,301205,联特科技,2,96.49,case_001,2025-05-12,科创板,['匹配case_001: 华纳药厂 - 杯型整理+缩量+J值低位'],106.85,154.77,44.8479176415536,50.004679457182974,30,2025-12-12,30
2025-11-12,301248,杰创智能,3,96.22,case_006,2025-08-04,中小板,['匹配case_006: 国轩高科 - 靠近短期趋势线+量能平稳+J值低位'],24.65,28.75,16.63286004056796,24.503042596348898,26,2025-12-12,30
2025-11-12,300083,创世纪,4,96.04,case_006,2025-08-04,中小板,['匹配case_006: 国轩高科 - 靠近短期趋势线+量能平稳+J值低位'],9.35,9.06,-3.1016042780748574,1.176470588235307,0,2025-12-12,30
2025-11-12,600686,金龙汽车,5,95.95,case_002,2025-08-06,主板,['匹配case_002: 宁波韵升 - 回落短期趋势线+量能平稳+J值中位'],15.09,16.49,9.27766732935718,13.320079522862835,29,2025-12-12,30
2025-11-12,300018,中元股份,6,95.51,case_002,2025-08-06,主板,['匹配case_002: 宁波韵升 - 回落短期趋势线+量能平稳+J值中位'],10.97,10.71,-2.3701002734731063,6.381039197812208,6,2025-12-12,30
2025-11-12,600552,凯盛科技,7,95.27,case_006,2025-08-04,中小板,['匹配case_006: 国轩高科 - 靠近短期趋势线+量能平稳+J值低位'],11.97,11.09,-7.351712614870516,2.339181286549702,1,2025-12-12,30
2025-11-12,300357,我武生物,8,95.13,case_002,2025-08-06,主板,['匹配case_002: 宁波韵升 - 回落短期趋势线+量能平稳+J值中位'],32.4,29.89,-7.746913580246908,4.166666666666671,2,2025-12-12,30
2025-11-12,301236,软通动力,9,95.06,case_006,2025-08-04,中小板,['匹配case_006: 国轩高科 - 靠近短期趋势线+量能平稳+J值低位'],49.45,46.88,-5.19716885743175,6.875631951466124,6,2025-12-12,30
2025-11-12,002230,科大讯飞,10,94.8,case_006,2025-08-04,中小板,['匹配case_006: 国轩高科 - 靠近短期趋势线+量能平稳+J值低位'],50.55,49.7,-1.6815034619188811,2.8684470820969397,6,2025-12-12,30
2025-11-13,301205,联特科技,1,96.25,case_001,2025-05-12,科创板,['匹配case_001: 华纳药厂 - 杯型整理+缩量+J值低位'],105.37,159.0,50.896839707696685,56.47717566669829,32,2025-12-15,30
2025-11-13,688115,思林杰,2,95.34,case_002,2025-08-06,主板,['匹配case_002: 宁波韵升 - 回落短期趋势线+量能平稳+J值中位'],60.72,63.9,5.237154150197628,14.789196310935449,18,2025-12-15,30
2025-11-13,002546,新联电子,3,94.63,case_004,2025-07-23,主板,['匹配case_004: 方正科技 - 靠近多空线+量能平稳+J值中位'],7.41,6.93,-6.477732793522273,1.0796221322537123,1,2025-12-15,30
2025-11-13,688069,德林海,4,94.55,case_004,2025-07-23,主板,['匹配case_004: 方正科技 - 靠近多空线+量能平稳+J值中位'],23.83,21.56,-9.525807805287451,1.2169534200587608,1,2025-12-15,30
2025-11-13,603917,合力科技,5,94.47,case_002,2025-08-06,主板,['匹配case_002: 宁波韵升 - 回落短期趋势线+量能平稳+J值中位'],15.32,13.93,-9.073107049608359,1.370757180156652,4,2025-12-15,30
2025-11-13,002212,天融信,6,94.26,case_001,2025-05-12,科创板,['匹配case_001: 华纳药厂 - 杯型整理+缩量+J值低位'],9.67,8.73,-9.720785935884173,0.7238883143743566,0,2025-12-15,30
2025-11-13,301607,富特科技,7,93.64,case_002,2025-08-06,主板,['匹配case_002: 宁波韵升 - 回落短期趋势线+量能平稳+J值中位'],42.42,41.21,-2.852428099952854,4.87977369165488,1,2025-12-15,30
2025-11-13,000567,海德股份,8,93.55,case_008,2025-07-10,主板,['匹配case_008: 光电股份 - 缩量后放量+J值低位+趋势上行'],7.55,6.56,-13.112582781456958,7.284768211920528,5,2025-12-15,30
2025-11-13,300225,*ST金泰,9,93.54,case_004,2025-07-23,主板,['匹配case_004: 方正科技 - 靠近多空线+量能平稳+J值中位'],6.21,5.16,-16.90821256038647,7.246376811594206,1,2025-12-15,30
2025-11-13,002174,游族网络,10,93.22,case_002,2025-08-06,主板,['匹配case_002: 宁波韵升 - 回落短期趋势线+量能平稳+J值中位'],12.42,11.49,-7.4879227053140065,1.2077294685990367,0,2025-12-15,30
2025-11-14,300083,创世纪,1,96.1,case_006,2025-08-04,中小板,['匹配case_006: 国轩高科 - 靠近短期趋势线+量能平稳+J值低位'],9.19,8.87,-3.4820457018498403,2.61153427638738,4,2025-12-15,30
2025-11-14,688399,硕世生物,2,95.37,case_004,2025-07-23,主板,['匹配case_004: 方正科技 - 靠近多空线+量能平稳+J值中位'],75.08,66.85,-10.961640916355893,2.2775705913692166,0,2025-12-15,30
2025-11-14,002861,瀛通通讯,3,95.34,case_004,2025-07-23,主板,['匹配case_004: 方正科技 - 靠近多空线+量能平稳+J值中位'],19.81,18.73,-5.451792024230179,9.389197375063116,5,2025-12-15,30
2025-11-14,688512,慧智微-U,4,95.33,case_006,2025-08-04,中小板,['匹配case_006: 国轩高科 - 靠近短期趋势线+量能平稳+J值低位'],11.27,10.72,-4.8802129547471065,2.307009760425908,0,2025-12-15,30
2025-11-14,300881,盛德鑫泰,5,95.05,case_011,2025-11-12,主板,['匹配case_011: 航天发展 - 航天军工+量能异动+趋势突破'],37.61,34.06,-9.438978994948146,1.4357883541611252,3,2025-12-15,30
2025-11-14,002735,王子新材,6,94.76,case_006,2025-08-04,中小板,['匹配case_006: 国轩高科 - 靠近短期趋势线+量能平稳+J值低位'],15.31,16.05,4.833442194644025,11.365120836054867,28,2025-12-15,30
2025-11-14,002230,科大讯飞,7,94.75,case_006,2025-08-04,中小板,['匹配case_006: 国轩高科 - 靠近短期趋势线+量能平稳+J值低位'],49.98,49.87,-0.22008803521408452,4.04161664665867,4,2025-12-15,30
2025-11-14,002772,众兴菌业,8,94.49,case_002,2025-08-06,主板,['匹配case_002: 宁波韵升 - 回落短期趋势线+量能平稳+J值中位'],13.227,12.327,-6.804264005443414,3.250926135934072,19,2025-12-15,30
2025-11-14,688369,致远互联,9,94.47,case_006,2025-08-04,中小板,['匹配case_006: 国轩高科 - 靠近短期趋势线+量能平稳+J值低位'],23.75,22.86,-3.747368421052634,9.936842105263155,11,2025-12-15,30
2025-11-14,002212,天融信,10,94.42,case_001,2025-05-12,科创板,['匹配case_001: 华纳药厂 - 杯型整理+缩量+J值低位'],9.42,8.73,-7.324840764331205,2.760084925690019,0,2025-12-15,30
2025-11-17,002595,豪迈科技,1,96.35,case_004,2025-07-23,主板,['匹配case_004: 方正科技 - 靠近多空线+量能平稳+J值中位'],66.19,83.42,26.031122526061345,33.237649191720806,25,2025-12-17,30
2025-11-17,605258,协和电子,2,95.69,case_008,2025-07-10,主板,['匹配case_008: 光电股份 - 缩量后放量+J值低位+趋势上行'],34.38,31.34,-8.842350203606756,1.7452006980802626,0,2025-12-17,30
2025-11-17,600667,太极实业,3,95.51,case_003,2025-06-20,科创板,['匹配case_003: 微芯生物 - 平台整理+缩量后放量+J值低位'],8.8,7.55,-14.204545454545464,6.477272727272709,0,2025-12-17,30
2025-11-17,301386,未来电器,4,95.37,case_004,2025-07-23,主板,['匹配case_004: 方正科技 - 靠近多空线+量能平稳+J值中位'],25.89,23.28,-10.0811123986095,2.2788721514098103,0,2025-12-17,30
2025-11-17,601727,上海电气,5,95.37,case_006,2025-08-04,中小板,['匹配case_006: 国轩高科 - 靠近短期趋势线+量能平稳+J值低位'],8.85,8.38,-5.310734463276823,2.146892655367226,0,2025-12-17,30
2025-11-17,600826,兰生股份,6,94.68,case_004,2025-07-23,主板,['匹配case_004: 方正科技 - 靠近多空线+量能平稳+J值中位'],11.16,10.5,-5.913978494623657,13.799283154121856,4,2025-12-17,30
2025-11-17,301087,可孚医疗,7,94.34,case_004,2025-07-23,主板,['匹配case_004: 方正科技 - 靠近多空线+量能平稳+J值中位'],42.97,46.04,7.1445194321619745,13.265068652548296,23,2025-12-17,30
2025-11-17,603997,继峰股份,8,94.34,case_008,2025-07-10,主板,['匹配case_008: 光电股份 - 缩量后放量+J值低位+趋势上行'],13.75,13.61,-1.0181818181818223,1.5272727272727336,17,2025-12-17,30
2025-11-17,002008,大族激光,9,94.2,case_002,2025-08-06,主板,['匹配case_002: 宁波韵升 - 回落短期趋势线+量能平稳+J值中位'],38.12,37.73,-1.023084994753412,5.692549842602313,21,2025-12-17,30
2025-11-17,688607,康众医疗,10,94.17,case_004,2025-07-23,主板,['匹配case_004: 方正科技 - 靠近多空线+量能平稳+J值中位'],29.21,40.93,40.12324546388223,41.971927422115705,30,2025-12-17,30
2025-11-18,603365,水星家纺,1,96.26,case_004,2025-07-23,主板,['匹配case_004: 方正科技 - 靠近多空线+量能平稳+J值中位'],21.313,20.143,-5.489607281940591,3.0967015436588006,0,2025-12-18,30
2025-11-18,600509,天富能源,2,96.09,case_006,2025-08-04,中小板,['匹配case_006: 国轩高科 - 靠近短期趋势线+量能平稳+J值低位'],8.13,8.31,2.2140221402213984,15.62115621156211,20,2025-12-18,30
2025-11-18,301551,无线传媒,3,95.68,case_004,2025-07-23,主板,['匹配case_004: 方正科技 - 靠近多空线+量能平稳+J值中位'],37.865,32.17,-15.040274659976232,3.1163343457018344,0,2025-12-18,30
2025-11-18,002735,王子新材,4,95.5,case_006,2025-08-04,中小板,['匹配case_006: 国轩高科 - 靠近短期趋势线+量能平稳+J值低位'],15.35,16.17,5.342019543973954,11.074918566775253,24,2025-12-18,30
2025-11-18,600288,大恒科技,5,95.25,case_002,2025-08-06,主板,['匹配case_002: 宁波韵升 - 回落短期趋势线+量能平稳+J值中位'],15.39,14.92,-3.0539311241065668,0.9096816114359896,0,2025-12-18,30
2025-11-18,688334,西高院,6,95.25,case_006,2025-08-04,中小板,['匹配case_006: 国轩高科 - 靠近短期趋势线+量能平稳+J值低位'],19.85,18.86,-4.987405541561722,1.6624685138538955,0,2025-12-18,30
2025-11-18,601727,上海电气,7,95.18,case_006,2025-08-04,中小板,['匹配case_006: 国轩高科 - 靠近短期趋势线+量能平稳+J值低位'],8.8,8.3,-5.681818181818182,1.4772727272727157,8,2025-12-18,30
2025-11-18,601898,中煤能源,8,94.83,case_004,2025-07-23,主板,['匹配case_004: 方正科技 - 靠近多空线+量能平稳+J值中位'],14.34,13.21,-7.8800557880055715,3.905160390516042,1,2025-12-18,30
2025-11-18,688679,通源环境,9,94.57,case_002,2025-08-06,主板,['匹配case_002: 宁波韵升 - 回落短期趋势线+量能平稳+J值中位'],26.69,24.5,-8.205320344698393,12.326714125140498,27,2025-12-18,30
2025-11-18,603556,海兴电力,10,94.53,case_003,2025-06-20,科创板,['匹配case_003: 微芯生物 - 平台整理+缩量后放量+J值低位'],35.2,33.3,-5.3977272727272885,1.7045454545454382,1,2025-12-18,30
2025-11-19,688334,西高院,1,96.55,case_006,2025-08-04,中小板,['匹配case_006: 国轩高科 - 靠近短期趋势线+量能平稳+J值低位'],19.64,19.17,-2.3930753564154728,1.425661914460291,0,2025-12-19,30
2025-11-19,300283,温州宏丰,2,96.27,case_004,2025-07-23,主板,['匹配case_004: 方正科技 - 靠近多空线+量能平稳+J值中位'],7.76,7.27,-6.314432989690724,2.9639175257732013,12,2025-12-19,30
2025-11-19,603335,迪生力,3,96.12,case_004,2025-07-23,主板,['匹配case_004: 方正科技 - 靠近多空线+量能平稳+J值中位'],6.2,5.74,-7.419354838709677,8.87096774193548,14,2025-12-19,30
2025-11-19,300972,万辰集团,4,96.07,case_006,2025-08-04,中小板,['匹配case_006: 国轩高科 - 靠近短期趋势线+量能平稳+J值低位'],173.6,192.99,11.169354838709685,13.248847926267281,30,2025-12-19,30
2025-11-19,603286,日盈电子,5,95.3,case_006,2025-08-04,中小板,['匹配case_006: 国轩高科 - 靠近短期趋势线+量能平稳+J值低位'],41.58,57.11,37.34968734968736,48.94179894179895,15,2025-12-19,30
2025-11-19,300617,安靠智电,6,95.24,case_006,2025-08-04,中小板,['匹配case_006: 国轩高科 - 靠近短期趋势线+量能平稳+J值低位'],32.35,31.28,-3.30757341576507,3.6476043276661505,0,2025-12-19,30
2025-11-19,600348,华阳股份,7,95.19,case_002,2025-08-06,主板,['匹配case_002: 宁波韵升 - 回落短期趋势线+量能平稳+J值中位'],8.3,7.78,-6.2650602409638605,2.771084337349381,14,2025-12-19,30
2025-11-19,603365,水星家纺,8,95.07,case_004,2025-07-23,主板,['匹配case_004: 方正科技 - 靠近多空线+量能平稳+J值中位'],21.203,20.353,-4.008866669810866,2.782625100221666,15,2025-12-19,30
2025-11-19,603045,福达合金,9,94.94,case_004,2025-07-23,主板,['匹配case_004: 方正科技 - 靠近多空线+量能平稳+J值中位'],20.73,19.14,-7.670043415340086,3.087313072841295,0,2025-12-19,30
2025-11-19,000933,神火股份,10,94.74,case_002,2025-08-06,主板,['匹配case_002: 宁波韵升 - 回落短期趋势线+量能平稳+J值中位'],25.1,26.4,5.179282868525885,9.9601593625498,16,2025-12-19,30
2025-11-20,002548,金新农,1,96.85,case_003,2025-06-20,科创板,['匹配case_003: 微芯生物 - 平台整理+缩量后放量+J值低位'],5.03,5.7,13.320079522862821,24.055666003976143,15,2025-12-22,30
2025-11-20,601600,中国铝业,2,96.23,case_002,2025-08-06,主板,['匹配case_002: 宁波韵升 - 回落短期趋势线+量能平稳+J值中位'],11.04,10.97,-0.6340579710144792,4.076086956521749,15,2025-12-22,30
2025-11-20,300617,安靠智电,3,96.01,case_006,2025-08-04,中小板,['匹配case_006: 国轩高科 - 靠近短期趋势线+量能平稳+J值低位'],32.01,31.35,-2.0618556701030823,2.374258044361153,0,2025-12-22,30
2025-11-20,000338,潍柴动力,4,95.97,case_008,2025-07-10,主板,['匹配case_008: 光电股份 - 缩量后放量+J值低位+趋势上行'],17.15,17.76,3.5568513119533707,5.364431486880477,25,2025-12-22,30
2025-11-20,300118,东方日升,5,95.64,case_003,2025-06-20,科创板,['匹配case_003: 微芯生物 - 平台整理+缩量后放量+J值低位'],11.76,13.01,10.629251700680273,23.299319727891156,29,2025-12-22,30
2025-11-20,300972,万辰集团,6,95.56,case_006,2025-08-04,中小板,['匹配case_006: 国轩高科 - 靠近短期趋势线+量能平稳+J值低位'],168.22,192.44,14.397812388538817,16.87076447509214,29,2025-12-22,30
2025-11-20,301028,鼎熔岩,7,95.52,case_009,2025-08-01,创业板,['匹配case_009: 新瀚新材 - 缩量后放量+价格接近短期趋势线+J值中位'],13.56,14.63,7.89085545722714,17.994100294985245,22,2025-12-22,30
2025-11-20,688598,金博股份,8,95.49,case_006,2025-08-04,中小板,['匹配case_006: 国轩高科 - 靠近短期趋势线+量能平稳+J值低位'],29.21,28.0,-4.1424169804861375,3.389250256761377,0,2025-12-22,30
2025-11-20,603286,日盈电子,9,95.36,case_006,2025-08-04,中小板,['匹配case_006: 国轩高科 - 靠近短期趋势线+量能平稳+J值低位'],40.52,60.06,48.22309970384994,52.83810463968409,14,2025-12-22,30
2025-11-20,600057,厦门象屿,10,95.29,case_002,2025-08-06,主板,['匹配case_002: 宁波韵升 - 回落短期趋势线+量能平稳+J值中位'],8.38,8.5,1.4319809069212315,10.97852028639618,18,2025-12-22,30
2025-11-21,601619,嘉泽新能,1,96.8,case_006,2025-08-04,中小板,['匹配case_006: 国轩高科 - 靠近短期趋势线+量能平稳+J值低位'],4.16,4.6,10.576923076923064,15.384615384615378,24,2025-12-22,30
2025-11-21,600346,恒力石化,2,96.66,case_003,2025-06-20,科创板,['匹配case_003: 微芯生物 - 平台整理+缩量后放量+J值低位'],18.61,20.03,7.630306286942513,8.167651800107468,31,2025-12-22,30
2025-11-21,603536,惠发食品,3,95.94,case_003,2025-06-20,科创板,['匹配case_003: 微芯生物 - 平台整理+缩量后放量+J值低位'],12.34,12.23,-0.8914100486223616,27.79578606158833,12,2025-12-22,30
2025-11-21,300972,万辰集团,4,95.93,case_006,2025-08-04,中小板,['匹配case_006: 国轩高科 - 靠近短期趋势线+量能平稳+J值低位'],166.61,192.44,15.50327111217813,18.000120040813865,28,2025-12-22,30
2025-11-21,000338,潍柴动力,5,95.81,case_003,2025-06-20,科创板,['匹配case_003: 微芯生物 - 平台整理+缩量后放量+J值低位'],16.66,17.76,6.602641056422577,8.463385354141657,24,2025-12-22,30
2025-11-21,300055,万邦达,6,95.51,case_003,2025-06-20,科创板,['匹配case_003: 微芯生物 - 平台整理+缩量后放量+J值低位'],8.04,7.5,-6.716417910447752,4.72636815920399,0,2025-12-22,30
2025-11-21,300967,晓鸣股份,7,94.9,case_006,2025-08-04,中小板,['匹配case_006: 国轩高科 - 靠近短期趋势线+量能平稳+J值低位'],19.42,19.95,2.7291452111225416,4.99485066941297,0,2025-12-22,30
2025-11-21,688191,智洋创新,8,94.83,case_003,2025-06-20,科创板,['匹配case_003: 微芯生物 - 平台整理+缩量后放量+J值低位'],34.64,31.12,-10.161662817551962,9.497690531177827,17,2025-12-22,30
2025-11-21,603315,福鞍股份,9,94.76,case_003,2025-06-20,科创板,['匹配case_003: 微芯生物 - 平台整理+缩量后放量+J值低位'],14.24,15.03,5.547752808988758,12.991573033707862,21,2025-12-22,30
2025-11-21,000683,博源化工,10,94.7,case_004,2025-07-23,主板,['匹配case_004: 方正科技 - 靠近多空线+量能平稳+J值中位'],7.08,7.35,3.813559322033892,4.802259887005648,31,2025-12-22,30
2025-11-24,002237,恒邦股份,1,96.01,case_006,2025-08-04,中小板,['匹配case_006: 国轩高科 - 靠近短期趋势线+量能平稳+J值低位'],12.38,13.34,7.754442649434563,10.339256865912756,30,2025-12-24,30
2025-11-24,301207,华兰疫苗,2,95.44,case_001,2025-05-12,科创板,['匹配case_001: 华纳药厂 - 杯型整理+缩量+J值低位'],20.97,19.3,-7.963757749165466,20.410109680495953,2,2025-12-24,30
2025-11-24,600884,杉杉股份,3,94.86,case_006,2025-08-04,中小板,['匹配case_006: 国轩高科 - 靠近短期趋势线+量能平稳+J值低位'],12.02,13.7,13.976705490848584,18.88519134775374,28,2025-12-24,30
2025-11-24,600982,宁波能源,4,94.51,case_006,2025-08-04,中小板,['匹配case_006: 国轩高科 - 靠近短期趋势线+量能平稳+J值低位'],4.44,4.44,0.0,2.9279279279279256,9,2025-12-24,30
2025-11-24,000886,海南高速,5,94.21,case_002,2025-08-06,主板,['匹配case_002: 宁波韵升 - 回落短期趋势线+量能平稳+J值中位'],7.42,7.34,-1.078167115902966,11.590296495956865,17,2025-12-24,30
2025-11-24,603536,惠发食品,6,94.08,case_003,2025-06-20,科创板,['匹配case_003: 微芯生物 - 平台整理+缩量后放量+J值低位'],12.36,11.96,-3.2362459546925453,27.588996763754047,9,2025-12-24,30
2025-11-24,603708,家家悦,7,93.86,case_008,2025-07-10,主板,['匹配case_008: 光电股份 - 缩量后放量+J值低位+趋势上行'],11.55,12.27,6.233766233766223,20.77922077922077,23,2025-12-24,30
2025-11-24,600981,苏豪汇鸿,8,93.84,case_006,2025-08-04,中小板,['匹配case_006: 国轩高科 - 靠近短期趋势线+量能平稳+J值低位'],2.81,3.32,18.14946619217081,45.90747330960853,9,2025-12-24,30
2025-11-24,002626,金达威,9,93.83,case_006,2025-08-04,中小板,['匹配case_006: 国轩高科 - 靠近短期趋势线+量能平稳+J值低位'],18.57,18.9,1.7770597738287468,4.254173397953684,16,2025-12-24,30
2025-11-24,002631,德尔未来,10,93.8,case_006,2025-08-04,中小板,['匹配case_006: 国轩高科 - 靠近短期趋势线+量能平稳+J值低位'],5.1,5.88,15.29411764705883,20.784313725490208,14,2025-12-24,30
2025-11-25,600231,凌钢股份,1,95.58,case_006,2025-08-04,中小板,['匹配case_006: 国轩高科 - 靠近短期趋势线+量能平稳+J值低位'],2.27,2.11,-7.048458149779742,2.643171806167403,1,2025-12-25,30
2025-11-25,600057,厦门象屿,2,95.11,case_002,2025-08-06,主板,['匹配case_002: 宁波韵升 - 回落短期趋势线+量能平稳+J值中位'],8.18,8.66,5.867970660146705,13.691931540342312,13,2025-12-25,30
2025-11-25,301012,扬电科技,3,94.5,case_002,2025-08-06,主板,['匹配case_002: 宁波韵升 - 回落短期趋势线+量能平稳+J值中位'],26.18,25.97,-0.8021390374331583,5.614973262032081,14,2025-12-25,30
2025-11-25,002294,信立泰,4,94.44,case_004,2025-07-23,主板,['匹配case_004: 方正科技 - 靠近多空线+量能平稳+J值中位'],59.1,57.79,-2.2165820642978042,7.258883248730963,1,2025-12-25,30
2025-11-25,301209,联合化学,5,93.87,case_002,2025-08-06,主板,['匹配case_002: 宁波韵升 - 回落短期趋势线+量能平稳+J值中位'],105.87,106.45,0.5478416926419177,4.3732879947104895,3,2025-12-25,30
2025-11-25,300329,海伦钢琴,6,93.81,case_002,2025-08-06,主板,['匹配case_002: 宁波韵升 - 回落短期趋势线+量能平稳+J值中位'],16.74,15.18,-9.318996415770602,8.721624850657115,14,2025-12-25,30
2025-11-25,002006,精工科技,7,93.78,case_001,2025-05-12,科创板,['匹配case_001: 华纳药厂 - 杯型整理+缩量+J值低位'],19.93,21.88,9.784244856999495,16.6081284495735,13,2025-12-25,30
2025-11-25,002731,ST萃华,8,93.75,case_008,2025-07-10,主板,['匹配case_008: 光电股份 - 缩量后放量+J值低位+趋势上行'],14.17,13.04,-7.974594213126329,3.4580098800282304,0,2025-12-25,30
2025-11-25,600981,苏豪汇鸿,9,93.56,case_006,2025-08-04,中小板,['匹配case_006: 国轩高科 - 靠近短期趋势线+量能平稳+J值低位'],2.81,3.31,17.793594306049823,45.90747330960853,8,2025-12-25,30
2025-11-25,002005,ST德豪,10,93.18,case_002,2025-08-06,主板,['匹配case_002: 宁波韵升 - 回落短期趋势线+量能平稳+J值中位'],2.82,2.5,-11.347517730496449,1.7730496453900804,1,2025-12-25,30
2025-11-26,000061,农 产 品,1,95.71,case_003,2025-06-20,科创板,['匹配case_003: 微芯生物 - 平台整理+缩量后放量+J值低位'],9.56,9.96,4.184100418410045,10.14644351464434,20,2025-12-26,30
2025-11-26,301012,扬电科技,2,95.19,case_002,2025-08-06,主板,['匹配case_002: 宁波韵升 - 回落短期趋势线+量能平稳+J值中位'],25.79,25.87,0.310197751066312,7.212097712291583,13,2025-12-26,30
2025-11-26,600231,凌钢股份,3,94.7,case_006,2025-08-04,中小板,['匹配case_006: 国轩高科 - 靠近短期趋势线+量能平稳+J值低位'],2.27,2.13,-6.167400881057274,2.643171806167403,0,2025-12-26,30
2025-11-26,300816,艾可蓝,4,94.31,case_004,2025-07-23,主板,['匹配case_004: 方正科技 - 靠近多空线+量能平稳+J值中位'],43.64,48.8,11.824014665444537,11.824014665444537,30,2025-12-26,30
2025-11-26,300151,昌红科技,5,94.29,case_004,2025-07-23,主板,['匹配case_004: 方正科技 - 靠近多空线+量能平稳+J值中位'],13.82,14.63,5.861070911722146,6.801736613603469,29,2025-12-26,30
2025-11-26,600638,新黄浦,6,94.27,case_006,2025-08-04,中小板,['匹配case_006: 国轩高科 - 靠近短期趋势线+量能平稳+J值低位'],5.74,6.19,7.839721254355403,10.801393728222997,30,2025-12-26,30
2025-11-26,603619,中曼石油,7,94.25,case_002,2025-08-06,主板,['匹配case_002: 宁波韵升 - 回落短期趋势线+量能平稳+J值中位'],23.15,22.88,-1.166306695464361,2.5485961123110146,1,2025-12-26,30
2025-11-26,000766,通化金马,8,94.09,case_002,2025-08-06,主板,['匹配case_002: 宁波韵升 - 回落短期趋势线+量能平稳+J值中位'],27.54,28.32,2.832244008714601,6.027596223674656,9,2025-12-26,30
2025-11-26,300329,海伦钢琴,9,93.97,case_002,2025-08-06,主板,['匹配case_002: 宁波韵升 - 回落短期趋势线+量能平稳+J值中位'],16.68,15.17,-9.052757793764988,9.11270983213429,13,2025-12-26,30
2025-11-26,600057,厦门象屿,10,93.92,case_002,2025-08-06,主板,['匹配case_002: 宁波韵升 - 回落短期趋势线+量能平稳+J值中位'],8.15,8.86,8.71165644171778,14.110429447852765,12,2025-12-26,30
2025-11-27,603261,*ST立航,1,94.71,case_002,2025-08-06,主板,['匹配case_002: 宁波韵升 - 回落短期趋势线+量能平稳+J值中位'],25.63,24.5,-4.4088958252048345,2.184939523995327,0,2025-12-29,30
2025-11-27,000061,农 产 品,2,94.36,case_003,2025-06-20,科创板,['匹配case_003: 微芯生物 - 平台整理+缩量后放量+J值低位'],9.42,10.19,8.17409766454352,11.783439490445854,19,2025-12-29,30
2025-11-27,601600,中国铝业,3,94.32,case_002,2025-08-06,主板,['匹配case_002: 宁波韵升 - 回落短期趋势线+量能平稳+J值中位'],10.44,11.45,9.674329501915707,14.367816091954024,29,2025-12-29,30
2025-11-27,600737,中粮糖业,4,93.89,case_003,2025-06-20,科创板,['匹配case_003: 微芯生物 - 平台整理+缩量后放量+J值低位'],16.75,17.31,3.343283582089544,14.089552238805966,19,2025-12-29,30
2025-11-27,000534,万泽股份,5,93.86,case_002,2025-08-06,主板,['匹配case_002: 宁波韵升 - 回落短期趋势线+量能平稳+J值中位'],19.97,23.53,17.82674011016526,31.49724586880322,18,2025-12-29,30
2025-11-27,603839,安正时尚,6,93.62,case_006,2025-08-04,中小板,['匹配case_006: 国轩高科 - 靠近短期趋势线+量能平稳+J值低位'],8.38,8.0,-4.534606205250605,2.863961813842463,0,2025-12-29,30
2025-11-27,603665,康隆达,7,93.57,case_008,2025-07-10,主板,['匹配case_008: 光电股份 - 缩量后放量+J值低位+趋势上行'],31.27,32.1,2.6543012472017966,3.2299328429804977,32,2025-12-29,30
2025-11-27,600241,时代万恒,8,93.47,case_002,2025-08-06,主板,['匹配case_002: 宁波韵升 - 回落短期趋势线+量能平稳+J值中位'],9.17,8.41,-8.287895310796072,4.143947655398046,5,2025-12-29,30
2025-11-27,300832,新产业,9,93.43,case_006,2025-08-04,中小板,['匹配case_006: 国轩高科 - 靠近短期趋势线+量能平稳+J值低位'],58.28,57.71,-0.9780370624571041,3.946465339739185,21,2025-12-29,30
2025-11-27,301012,扬电科技,10,93.39,case_002,2025-08-06,主板,['匹配case_002: 宁波韵升 - 回落短期趋势线+量能平稳+J值中位'],25.33,25.83,1.9739439399921046,9.159099881563366,12,2025-12-29,30
2025-11-28,601888,中国中免,1,94.24,case_002,2025-08-06,主板,['匹配case_002: 宁波韵升 - 回落短期趋势线+量能平稳+J值中位'],78.78,91.48,16.120842853516123,21.4013709063214,25,2025-12-29,30
2025-11-28,688198,佰仁医疗,2,93.98,case_009,2025-08-01,创业板,['匹配case_009: 新瀚新材 - 缩量后放量+价格接近短期趋势线+J值中位'],122.98,110.7,-9.985363473735568,8.098877866319722,13,2025-12-29,30
2025-11-28,001229,魅视科技,3,93.19,case_011,2025-11-12,主板,['匹配case_011: 航天发展 - 航天军工+量能异动+趋势突破'],39.02,42.75,9.559200410046122,9.559200410046122,31,2025-12-29,30
2025-11-28,603261,*ST立航,4,92.96,case_002,2025-08-06,主板,['匹配case_002: 宁波韵升 - 回落短期趋势线+量能平稳+J值中位'],25.27,24.5,-3.0470914127423807,2.4535021764938705,0,2025-12-29,30
2025-11-28,000766,通化金马,5,92.73,case_002,2025-08-06,主板,['匹配case_002: 宁波韵升 - 回落短期趋势线+量能平稳+J值中位'],27.26,27.75,1.7975055025678592,7.1166544387380695,7,2025-12-29,30
2025-11-28,300307,慈星股份,6,92.62,case_011,2025-11-12,主板,['匹配case_011: 航天发展 - 航天军工+量能异动+趋势突破'],7.6,7.1,-6.578947368421052,2.105263157894739,0,2025-12-29,30
2025-11-28,301119,正强股份,7,92.6,case_004,2025-07-23,主板,['匹配case_004: 方正科技 - 靠近多空线+量能平稳+J值中位'],45.36,51.42,13.359788359788366,17.702821869488538,21,2025-12-29,30
2025-11-28,605003,众望布艺,8,92.59,case_004,2025-07-23,主板,['匹配case_004: 方正科技 - 靠近多空线+量能平稳+J值中位'],25.91,29.38,13.392512543419524,20.262446931686608,31,2025-12-29,30
2025-11-28,603976,正川股份,9,92.17,case_011,2025-11-12,主板,['匹配case_011: 航天发展 - 航天军工+量能异动+趋势突破'],21.05,19.54,-7.17339667458433,6.888361045130638,3,2025-12-29,30
2025-11-28,603610,麒盛科技,10,91.99,case_002,2025-08-06,主板,['匹配case_002: 宁波韵升 - 回落短期趋势线+量能平稳+J值中位'],18.95,20.03,5.699208443271778,12.61213720316623,17,2025-12-29,30
2025-12-01,603261,*ST立航,1,95.64,case_002,2025-08-06,主板,['匹配case_002: 宁波韵升 - 回落短期趋势线+量能平稳+J值中位'],25.58,24.15,-5.5903049257232205,1.016419077404228,0,2025-12-31,30
2025-12-01,603708,家家悦,2,93.69,case_004,2025-07-23,主板,['匹配case_004: 方正科技 - 靠近多空线+量能平稳+J值中位'],11.48,11.83,3.048780487804875,21.515679442508702,16,2025-12-31,30
2025-12-01,300307,慈星股份,3,93.51,case_011,2025-11-12,主板,['匹配case_011: 航天发展 - 航天军工+量能异动+趋势突破'],7.62,7.07,-7.217847769028869,0.5249343832021002,0,2025-12-31,30
2025-12-01,002020,京新药业,4,93.09,case_011,2025-11-12,主板,['匹配case_011: 航天发展 - 航天军工+量能异动+趋势突破'],19.92,18.98,-4.718875502008038,3.8654618473895557,21,2025-12-31,30
2025-12-01,688198,佰仁医疗,5,92.97,case_009,2025-08-01,创业板,['匹配case_009: 新瀚新材 - 缩量后放量+价格接近短期趋势线+J值中位'],120.45,107.01,-11.158156911581568,10.369447903694475,10,2025-12-31,30
2025-12-01,301209,联合化学,6,92.96,case_002,2025-08-06,主板,['匹配case_002: 宁波韵升 - 回落短期趋势线+量能平稳+J值中位'],105.96,112.89,6.540203850509633,7.474518686296718,30,2025-12-31,30
2025-12-01,301119,正强股份,7,92.64,case_002,2025-08-06,主板,['匹配case_002: 宁波韵升 - 回落短期趋势线+量能平稳+J值中位'],45.59,52.69,15.573590699714837,18.44702785698617,30,2025-12-31,30
2025-12-01,300465,高伟达,8,92.45,case_002,2025-08-06,主板,['匹配case_002: 宁波韵升 - 回落短期趋势线+量能平稳+J值中位'],21.81,20.13,-7.702888583218706,1.5589179275561664,9,2025-12-31,30
2025-12-01,300044,ST赛为,9,92.38,case_003,2025-06-20,科创板,['匹配case_003: 微芯生物 - 平台整理+缩量后放量+J值低位'],4.56,3.99,-12.499999999999988,2.192982456140363,0,2025-12-31,30
2025-12-01,300451,创业慧康,10,92.34,case_008,2025-07-10,主板,['匹配case_008: 光电股份 - 缩量后放量+J值低位+趋势上行'],5.2,4.84,-6.923076923076929,0.5769230769230818,18,2025-12-31,30
2025-12-02,002718,友邦吊顶,1,95.47,case_002,2025-08-06,主板,['匹配case_002: 宁波韵升 - 回落短期趋势线+量能平稳+J值中位'],29.26,39.53,35.09911141490088,35.09911141490088,34,2026-01-05,30
2025-12-02,301110,青木科技,2,94.46,case_006,2025-08-04,中小板,['匹配case_006: 国轩高科 - 靠近短期趋势线+量能平稳+J值低位'],69.03,67.6,-2.0715630885122507,2.1005359988410874,0,2026-01-05,30
2025-12-02,000061,农 产 品,3,93.95,case_004,2025-07-23,主板,['匹配case_004: 方正科技 - 靠近多空线+量能平稳+J值中位'],9.49,10.17,7.165437302423601,13.48788198103266,28,2026-01-05,30
2025-12-02,300996,普联软件,4,93.59,case_011,2025-11-12,主板,['匹配case_011: 航天发展 - 航天军工+量能异动+趋势突破'],17.93,16.86,-5.9676519799219205,17.122141662018965,1,2026-01-05,30
2025-12-02,300478,杭州高新,5,93.46,case_002,2025-08-06,主板,['匹配case_002: 宁波韵升 - 回落短期趋势线+量能平稳+J值中位'],27.98,32.41,15.832737669764102,22.23016440314511,22,2026-01-05,30
2025-12-02,002205,国统股份,6,93.41,case_001,2025-05-12,科创板,['匹配case_001: 华纳药厂 - 杯型整理+缩量+J值低位'],14.4,13.71,-4.7916666666666625,5.416666666666662,28,2026-01-05,30
2025-12-02,001266,宏英智能,7,92.64,case_003,2025-06-20,科创板,['匹配case_003: 微芯生物 - 平台整理+缩量后放量+J值低位'],31.18,35.45,13.694676074406681,26.26683771648492,29,2026-01-05,30
2025-12-02,301213,观想科技,8,92.58,case_004,2025-07-23,主板,['匹配case_004: 方正科技 - 靠近多空线+量能平稳+J值中位'],61.21,82.86,35.37003757555955,35.37003757555955,36,2026-01-07,30
2025-12-02,688005,容百科技,9,92.49,case_003,2025-06-20,科创板,['匹配case_003: 微芯生物 - 平台整理+缩量后放量+J值低位'],29.3,34.86,18.976109215017058,22.354948805460754,27,2026-01-05,30
2025-12-02,002020,京新药业,10,92.34,case_003,2025-06-20,科创板,['匹配case_003: 微芯生物 - 平台整理+缩量后放量+J值低位'],19.51,19.58,0.3587903639159238,6.048180420297281,20,2026-01-05,30
2025-12-03,002718,友邦吊顶,1,94.76,case_002,2025-08-06,主板,['匹配case_002: 宁波韵升 - 回落短期趋势线+量能平稳+J值中位'],28.87,39.53,36.92414270869415,36.92414270869415,33,2026-01-05,30
2025-12-03,300816,艾可蓝,2,94.61,case_004,2025-07-23,主板,['匹配case_004: 方正科技 - 靠近多空线+量能平稳+J值中位'],42.63,47.66,11.799202439596513,18.64883884588317,27,2026-01-05,30
2025-12-03,300250,初灵信息,3,94.51,case_001,2025-05-12,科创板,['匹配case_001: 华纳药厂 - 杯型整理+缩量+J值低位'],26.55,25.78,-2.9001883239171358,29.943502824858754,2,2026-01-05,30
2025-12-03,301518,长华化学,4,94.32,case_002,2025-08-06,主板,['匹配case_002: 宁波韵升 - 回落短期趋势线+量能平稳+J值中位'],37.66,35.65,-5.337227827934143,2.442910249601704,6,2026-01-05,30
2025-12-03,002205,国统股份,5,93.9,case_001,2025-05-12,科创板,['匹配case_001: 华纳药厂 - 杯型整理+缩量+J值低位'],14.0,13.71,-2.0714285714285654,8.428571428571427,27,2026-01-05,30
2025-12-03,002956,西麦食品,6,93.9,case_004,2025-07-23,主板,['匹配case_004: 方正科技 - 靠近多空线+量能平稳+J值中位'],24.43,26.67,9.169054441260753,16.496111338518222,28,2026-01-05,30
2025-12-03,000061,农 产 品,7,93.37,case_004,2025-07-23,主板,['匹配case_004: 方正科技 - 靠近多空线+量能平稳+J值中位'],9.34,10.17,8.886509635974305,15.310492505353315,27,2026-01-05,30
2025-12-03,002455,百川股份,8,93.35,case_003,2025-06-20,科创板,['匹配case_003: 微芯生物 - 平台整理+缩量后放量+J值低位'],7.62,7.13,-6.430446194225725,4.461942257217846,0,2026-01-05,30
2025-12-03,300673,佩蒂股份,9,93.32,case_003,2025-06-20,科创板,['匹配case_003: 微芯生物 - 平台整理+缩量后放量+J值低位'],17.82,18.25,2.413019079685745,7.407407407407408,19,2026-01-05,30
2025-12-03,000908,*ST景峰,10,92.96,case_004,2025-07-23,主板,['匹配case_004: 方正科技 - 靠近多空线+量能平稳+J值中位'],5.866,4.723,-19.485168769178312,2.0968291851346783,1,2026-01-05,30
2025-12-04,300816,艾可蓝,1,95.45,case_004,2025-07-23,主板,['匹配case_004: 方正科技 - 靠近多空线+量能平稳+J值中位'],41.9,47.66,13.74701670644391,20.71599045346062,26,2026-01-05,30
2025-12-04,688207,格灵深瞳,2,95.01,case_006,2025-08-04,中小板,['匹配case_006: 国轩高科 - 靠近短期趋势线+量能平稳+J值低位'],15.37,15.71,2.212101496421611,6.245933636955102,5,2026-01-05,30
2025-12-04,601606,长城军工,3,94.67,case_001,2025-05-12,科创板,['匹配case_001: 华纳药厂 - 杯型整理+缩量+J值低位'],49.34,49.46,0.2432103769760791,3.871098500202668,26,2026-01-05,30
2025-12-04,688060,云涌科技,4,94.45,case_006,2025-08-04,中小板,['匹配case_006: 国轩高科 - 靠近短期趋势线+量能平稳+J值低位'],42.11,43.91,4.274519116599376,4.98693896936595,32,2026-01-05,30
2025-12-04,603976,正川股份,5,94.33,case_003,2025-06-20,科创板,['匹配case_003: 微芯生物 - 平台整理+缩量后放量+J值低位'],20.27,19.95,-1.5786877158362127,3.2560434139121868,0,2026-01-05,30
2025-12-04,300846,首都在线,6,94.02,case_006,2025-08-04,中小板,['匹配case_006: 国轩高科 - 靠近短期趋势线+量能平稳+J值低位'],19.21,23.48,22.22800624674648,24.466423737636642,32,2026-01-05,30
2025-12-04,301237,和顺科技,7,93.71,case_004,2025-07-23,主板,['匹配case_004: 方正科技 - 靠近多空线+量能平稳+J值中位'],47.15,54.53,15.652173913043486,34.252386002120886,26,2026-01-05,30
2025-12-04,000973,佛塑科技,8,92.65,case_002,2025-08-06,主板,['匹配case_002: 宁波韵升 - 回落短期趋势线+量能平稳+J值中位'],12.2,14.82,21.475409836065584,28.19672131147542,25,2026-01-05,30
2025-12-04,002677,浙江美大,9,92.59,case_004,2025-07-23,主板,['匹配case_004: 方正科技 - 靠近多空线+量能平稳+J值中位'],7.86,8.42,7.124681933842234,12.977099236641227,20,2026-01-05,30
2025-12-04,000595,*ST宝实,10,92.57,case_004,2025-07-23,主板,['匹配case_004: 方正科技 - 靠近多空线+量能平稳+J值中位'],5.42,5.61,3.5055350553505606,7.933579335793353,20,2026-01-05,30
2025-12-05,300635,中达安,1,96.07,case_002,2025-08-06,主板,['匹配case_002: 宁波韵升 - 回落短期趋势线+量能平稳+J值中位'],16.93,16.58,-2.0673360897814614,3.2486709982280018,3,2026-01-05,30
2025-12-05,002203,海亮股份,2,94.78,case_002,2025-08-06,主板,['匹配case_002: 宁波韵升 - 回落短期趋势线+量能平稳+J值中位'],11.83,12.81,8.284023668639056,12.003381234150465,25,2026-01-05,30
2025-12-05,300242,佳云科技,3,94.7,case_002,2025-08-06,主板,['匹配case_002: 宁波韵升 - 回落短期趋势线+量能平稳+J值中位'],5.33,5.13,-3.752345215759853,12.570356472795496,4,2026-01-05,30
2025-12-05,300521,爱司凯,4,93.46,case_002,2025-08-06,主板,['匹配case_002: 宁波韵升 - 回落短期趋势线+量能平稳+J值中位'],28.8,29.09,1.0069444444444413,4.131944444444437,25,2026-01-05,30
2025-12-05,601606,长城军工,5,93.12,case_001,2025-05-12,科创板,['匹配case_001: 华纳药厂 - 杯型整理+缩量+J值低位'],49.86,49.46,-0.8022462896109077,2.7878058563979153,25,2026-01-05,30
2025-12-05,002572,索菲亚,6,92.95,case_011,2025-11-12,主板,['匹配case_011: 航天发展 - 航天军工+量能异动+趋势突破'],14.03,13.62,-2.9223093371347124,0.9265858873841823,4,2026-01-05,30
2025-12-05,301518,长华化学,7,92.9,case_002,2025-08-06,主板,['匹配case_002: 宁波韵升 - 回落短期趋势线+量能平稳+J值中位'],36.97,35.65,-3.570462537192319,4.3548823370300225,4,2026-01-05,30
2025-12-05,603499,翔港科技,8,92.79,case_008,2025-07-10,主板,['匹配case_008: 光电股份 - 缩量后放量+J值低位+趋势上行'],19.53,20.9,7.014848950332809,8.75576036866358,24,2026-01-05,30
2025-12-05,002155,湖南黄金,9,92.49,case_002,2025-08-06,主板,['匹配case_002: 宁波韵升 - 回落短期趋势线+量能平稳+J值中位'],21.46,21.71,1.1649580615097856,4.193849021435222,18,2026-01-05,30
2025-12-05,301237,和顺科技,10,92.44,case_004,2025-07-23,主板,['匹配case_004: 方正科技 - 靠近多空线+量能平稳+J值中位'],48.11,54.53,13.34441903970069,31.573477447516108,25,2026-01-05,30
2025-12-08,300856,科思股份,1,94.45,case_009,2025-08-01,创业板,['匹配case_009: 新瀚新材 - 缩量后放量+价格接近短期趋势线+J值中位'],15.19,13.66,-10.07241606319947,7.702435813034891,1,2026-01-07,30
2025-12-08,002203,海亮股份,2,94.39,case_002,2025-08-06,主板,['匹配case_002: 宁波韵升 - 回落短期趋势线+量能平稳+J值中位'],11.8,12.97,9.915254237288135,12.288135593220332,22,2026-01-07,30
2025-12-08,603499,翔港科技,3,94.33,case_002,2025-08-06,主板,['匹配case_002: 宁波韵升 - 回落短期趋势线+量能平稳+J值中位'],19.63,20.43,4.075394803871629,8.201732042791644,21,2026-01-07,30
2025-12-08,600965,福成股份,4,94.02,case_004,2025-07-23,主板,['匹配case_004: 方正科技 - 靠近多空线+量能平稳+J值中位'],5.66,5.8,2.473498233215542,11.307420494699642,18,2026-01-07,30
2025-12-08,000668,*ST荣控,5,93.94,case_004,2025-07-23,主板,['匹配case_004: 方正科技 - 靠近多空线+量能平稳+J值中位'],11.28,11.29,0.08865248226950166,2.393617021276608,0,2026-01-07,30
2025-12-08,605028,世茂能源,6,93.71,case_002,2025-08-06,主板,['匹配case_002: 宁波韵升 - 回落短期趋势线+量能平稳+J值中位'],28.34,29.36,3.5991531404375428,15.031757233592103,23,2026-01-07,30
2025-12-08,301013,利和兴,7,93.63,case_002,2025-08-06,主板,['匹配case_002: 宁波韵升 - 回落短期趋势线+量能平稳+J值中位'],29.12,30.87,6.009615384615384,10.989010989010985,30,2026-01-07,30
2025-12-08,301083,百胜智能,8,93.18,case_008,2025-07-10,主板,['匹配case_008: 光电股份 - 缩量后放量+J值低位+趋势上行'],22.5,19.38,-13.86666666666667,9.866666666666662,0,2026-01-07,30
2025-12-08,002866,传艺科技,9,93.03,case_004,2025-07-23,主板,['匹配case_004: 方正科技 - 靠近多空线+量能平稳+J值中位'],19.41,18.12,-6.646058732612051,1.9577537351880423,0,2026-01-07,30
2025-12-08,600605,汇通能源,10,92.36,case_006,2025-08-04,中小板,['匹配case_006: 国轩高科 - 靠近短期趋势线+量能平稳+J值低位'],28.05,30.1,7.308377896613193,15.151515151515138,21,2026-01-07,30
2025-12-09,300635,中达安,1,96.13,case_002,2025-08-06,主板,['匹配case_002: 宁波韵升 - 回落短期趋势线+量能平稳+J值中位'],17.0,16.16,-4.941176470588235,2.35294117647058,0,2026-01-08,30
2025-12-09,301237,和顺科技,2,95.41,case_004,2025-07-23,主板,['匹配case_004: 方正科技 - 靠近多空线+量能平稳+J值中位'],47.41,58.58,23.56043028896858,33.51613583632145,21,2026-01-08,30
2025-12-09,688615,合合信息,3,95.15,case_006,2025-08-04,中小板,['匹配case_006: 国轩高科 - 靠近短期趋势线+量能平稳+J值低位'],193.3,250.16,29.415416451112254,31.282979824107603,29,2026-01-08,30
2025-12-09,002203,海亮股份,4,94.4,case_002,2025-08-06,主板,['匹配case_002: 宁波韵升 - 回落短期趋势线+量能平稳+J值中位'],11.72,12.77,8.959044368600672,13.054607508532417,21,2026-01-08,30
2025-12-09,600965,福成股份,5,94.27,case_004,2025-07-23,主板,['匹配case_004: 方正科技 - 靠近多空线+量能平稳+J值中位'],5.64,5.87,4.078014184397171,11.70212765957447,17,2026-01-08,30
2025-12-09,688331,荣昌生物,6,94.25,case_006,2025-08-04,中小板,['匹配case_006: 国轩高科 - 靠近短期趋势线+量能平稳+J值低位'],85.29,92.4,8.336264509321138,12.041270957908306,30,2026-01-08,30
2025-12-09,601872,招商轮船,7,93.92,case_001,2025-05-12,科创板,['匹配case_001: 华纳药厂 - 杯型整理+缩量+J值低位'],8.23,9.6,16.646415552855395,19.076549210206565,30,2026-01-08,30
2025-12-09,000756,新华制药,8,93.78,case_008,2025-07-10,主板,['匹配case_008: 光电股份 - 缩量后放量+J值低位+趋势上行'],16.64,16.03,-3.6658653846153815,4.687500000000007,0,2026-01-08,30
2025-12-09,688234,天岳先进,9,93.75,case_002,2025-08-06,主板,['匹配case_002: 宁波韵升 - 回落短期趋势线+量能平稳+J值中位'],81.9,92.34,12.747252747252743,16.593406593406577,29,2026-01-08,30
2025-12-09,300437,清水源,10,93.69,case_010,2025-07-11,中小板,['匹配case_010: 昂利康 - 价格接近短期趋势线+缩量+顶部未放量'],20.27,17.65,-12.925505673408985,7.301430685742479,0,2026-01-08,30
2025-12-10,300126,锐奇股份,1,96.05,case_006,2025-08-04,中小板,['匹配case_006: 国轩高科 - 靠近短期趋势线+量能平稳+J值低位'],8.97,8.63,-3.7904124860646577,2.6755852842809387,0,2026-01-09,30
2025-12-10,301237,和顺科技,2,96.01,case_002,2025-08-06,主板,['匹配case_002: 宁波韵升 - 回落短期趋势线+量能平稳+J值中位'],47.4,57.83,22.004219409282697,33.54430379746835,20,2026-01-09,30
2025-12-10,688496,清越科技,3,94.85,case_006,2025-08-04,中小板,['匹配case_006: 国轩高科 - 靠近短期趋势线+量能平稳+J值低位'],6.44,6.11,-5.124223602484473,2.4844720496894293,0,2026-01-09,30
2025-12-10,300635,中达安,4,94.47,case_002,2025-08-06,主板,['匹配case_002: 宁波韵升 - 回落短期趋势线+量能平稳+J值中位'],16.77,16.61,-0.9540846750149083,1.7292784734645148,0,2026-01-09,30
2025-12-10,600965,福成股份,5,94.42,case_002,2025-08-06,主板,['匹配case_002: 宁波韵升 - 回落短期趋势线+量能平稳+J值中位'],5.59,5.77,3.220035778175308,12.701252236135957,16,2026-01-09,30
2025-12-10,300159,*ST新研,6,93.42,case_002,2025-08-06,主板,['匹配case_002: 宁波韵升 - 回落短期趋势线+量能平稳+J值中位'],2.778,3.15,13.39092872570194,24.55003599712023,14,2026-01-09,30
2025-12-10,002203,海亮股份,7,93.23,case_002,2025-08-06,主板,['匹配case_002: 宁波韵升 - 回落短期趋势线+量能平稳+J值中位'],11.61,14.05,21.016365202411727,21.016365202411727,30,2026-01-09,30
2025-12-10,688234,天岳先进,8,92.95,case_002,2025-08-06,主板,['匹配case_002: 宁波韵升 - 回落短期趋势线+量能平稳+J值中位'],80.87,92.95,14.937554099171507,18.078397427970806,28,2026-01-09,30
2025-12-10,688221,前沿生物-U,9,92.49,case_002,2025-08-06,主板,['匹配case_002: 宁波韵升 - 回落短期趋势线+量能平稳+J值中位'],18.9,28.15,48.94179894179895,48.94179894179895,30,2026-01-09,30
2025-12-10,600426,华鲁恒升,10,92.45,case_002,2025-08-06,主板,['匹配case_002: 宁波韵升 - 回落短期趋势线+量能平稳+J值中位'],27.69,33.26,20.11556518598771,22.354640664499822,28,2026-01-09,30
2025-12-11,300126,锐奇股份,1,95.54,case_006,2025-08-04,中小板,['匹配case_006: 国轩高科 - 靠近短期趋势线+量能平稳+J值低位'],8.8,8.97,1.9318181818181808,3.409090909090897,32,2026-01-12,30
2025-12-11,002307,北新路桥,2,93.36,case_003,2025-06-20,科创板,['匹配case_003: 微芯生物 - 平台整理+缩量后放量+J值低位'],5.3,5.03,-5.094339622641502,8.490566037735853,4,2026-01-12,30
2025-12-11,688656,浩欧博,3,93.31,case_004,2025-07-23,主板,['匹配case_004: 方正科技 - 靠近多空线+量能平稳+J值中位'],198.2,163.0,-17.759838546922296,5.665993945509596,5,2026-01-12,30
2025-12-11,300856,科思股份,4,93.22,case_009,2025-08-01,创业板,['匹配case_009: 新瀚新材 - 缩量后放量+价格接近短期趋势线+J值中位'],14.96,13.95,-6.751336898395732,6.149732620320854,6,2026-01-12,30
2025-12-11,600768,宁波富邦,5,93.19,case_006,2025-08-04,中小板,['匹配case_006: 国轩高科 - 靠近短期趋势线+量能平稳+J值低位'],12.98,15.1,16.332819722650225,17.41140215716487,32,2026-01-12,30
2025-12-11,688386,泛亚微透,6,93.16,case_006,2025-08-04,中小板,['匹配case_006: 国轩高科 - 靠近短期趋势线+量能平稳+J值低位'],69.04,99.2,43.6848203939745,47.01622247972189,29,2026-01-12,30
2025-12-11,688583,思看科技,7,92.84,case_008,2025-07-10,主板,['匹配case_008: 光电股份 - 缩量后放量+J值低位+趋势上行'],88.75,105.52,18.895774647887322,21.701408450704232,32,2026-01-12,30
2025-12-11,000669,ST金鸿,8,92.77,case_006,2025-08-04,中小板,['匹配case_006: 国轩高科 - 靠近短期趋势线+量能平稳+J值低位'],3.01,2.91,-3.322259136212613,3.9867109634551534,0,2026-01-12,30
2025-12-11,001373,翔腾新材,9,92.73,case_006,2025-08-04,中小板,['匹配case_006: 国轩高科 - 靠近短期趋势线+量能平稳+J值低位'],29.37,37.95,29.21348314606742,34.21859039836568,32,2026-01-12,30
2025-12-11,688601,力芯微,10,92.63,case_003,2025-06-20,科创板,['匹配case_003: 微芯生物 - 平台整理+缩量后放量+J值低位'],44.47,51.68,16.213177422981786,16.3705869125253,32,2026-01-12,30
2025-12-12,301228,实朴检测,1,95.8,case_004,2025-07-23,主板,['匹配case_004: 方正科技 - 靠近多空线+量能平稳+J值中位'],43.0,39.5,-8.13953488372093,4.162790697674416,0,2026-01-12,30
2025-12-12,001373,翔腾新材,2,95.44,case_006,2025-08-04,中小板,['匹配case_006: 国轩高科 - 靠近短期趋势线+量能平稳+J值低位'],28.79,37.95,31.81660298714833,36.92254254949636,31,2026-01-12,30
2025-12-12,600768,宁波富邦,3,95.3,case_006,2025-08-04,中小板,['匹配case_006: 国轩高科 - 靠近短期趋势线+量能平稳+J值低位'],12.77,15.1,18.245888801879406,19.342208300704783,31,2026-01-12,30
2025-12-12,002729,好利科技,4,95.08,case_003,2025-06-20,科创板,['匹配case_003: 微芯生物 - 平台整理+缩量后放量+J值低位'],16.12,18.85,16.935483870967744,18.796526054590554,31,2026-01-12,30
2025-12-12,001278,一彬科技,5,93.39,case_006,2025-08-04,中小板,['匹配case_006: 国轩高科 - 靠近短期趋势线+量能平稳+J值低位'],18.76,19.85,5.810234541577824,11.460554371002123,6,2026-01-12,30
2025-12-12,603489,八方股份,6,93.1,case_006,2025-08-04,中小板,['匹配case_006: 国轩高科 - 靠近短期趋势线+量能平稳+J值低位'],30.2,30.98,2.5827814569536462,3.6423841059602697,28,2026-01-12,30
2025-12-12,300936,中英科技,7,92.92,case_006,2025-08-04,中小板,['匹配case_006: 国轩高科 - 靠近短期趋势线+量能平稳+J值低位'],36.24,40.31,11.230684326710817,11.699779249448108,31,2026-01-12,30
2025-12-12,600846,同济科技,8,92.9,case_004,2025-07-23,主板,['匹配case_004: 方正科技 - 靠近多空线+量能平稳+J值中位'],15.99,14.11,-11.7573483427142,4.002501563477166,0,2026-01-12,30
2025-12-12,688557,兰剑智能,9,92.25,case_006,2025-08-04,中小板,['匹配case_006: 国轩高科 - 靠近短期趋势线+量能平稳+J值低位'],36.21,39.51,9.11350455675227,9.886771610052467,31,2026-01-12,30
2025-12-12,603657,春光科技,10,92.17,case_003,2025-06-20,科创板,['匹配case_003: 微芯生物 - 平台整理+缩量后放量+J值低位'],32.75,30.83,-5.862595419847334,6.839694656488556,0,2026-01-12,30
2025-12-15,300976,达瑞电子,1,96.92,case_006,2025-08-04,中小板,['匹配case_006: 国轩高科 - 靠近短期趋势线+量能平稳+J值低位'],57.82,64.83,12.123832583881008,18.78242822552751,21,2026-01-14,30
2025-12-15,603991,至正股份,2,95.48,case_004,2025-07-23,主板,['匹配case_004: 方正科技 - 靠近多空线+量能平稳+J值中位'],75.67,74.45,-1.612263776926125,4.664992731597729,25,2026-01-14,30
2025-12-15,603508,思维列控,3,95.19,case_003,2025-06-20,科创板,['匹配case_003: 微芯生物 - 平台整理+缩量后放量+J值低位'],28.04,27.59,-1.604850213980026,3.6733238231098477,0,2026-01-14,30
2025-12-15,688126,沪硅产业,4,94.94,case_006,2025-08-04,中小板,['匹配case_006: 国轩高科 - 靠近短期趋势线+量能平稳+J值低位'],20.72,22.78,9.942084942084954,20.65637065637066,24,2026-01-14,30
2025-12-15,300274,阳光电源,5,94.52,case_006,2025-08-04,中小板,['匹配case_006: 国轩高科 - 靠近短期趋势线+量能平稳+J值低位'],170.2,165.67,-2.661574618096358,8.801410105757942,11,2026-01-14,30
2025-12-15,301228,实朴检测,6,94.47,case_004,2025-07-23,主板,['匹配case_004: 方正科技 - 靠近多空线+量能平稳+J值中位'],42.2,42.5,0.7109004739336425,4.289099526066339,0,2026-01-14,30
2025-12-15,603075,热威股份,7,94.21,case_006,2025-08-04,中小板,['匹配case_006: 国轩高科 - 靠近短期趋势线+量能平稳+J值低位'],21.71,22.99,5.895900506678938,6.909258406264394,29,2026-01-14,30
2025-12-15,301216,万凯新材,8,93.67,case_006,2025-08-04,中小板,['匹配case_006: 国轩高科 - 靠近短期趋势线+量能平稳+J值低位'],17.19,20.48,19.13903432228039,27.283304246655014,25,2026-01-14,30
2025-12-15,000566,海南海药,9,93.64,case_004,2025-07-23,主板,['匹配case_004: 方正科技 - 靠近多空线+量能平稳+J值中位'],7.43,6.99,-5.921938088829065,17.900403768506056,8,2026-01-14,30
2025-12-15,600510,黑牡丹,10,93.59,case_006,2025-08-04,中小板,['匹配case_006: 国轩高科 - 靠近短期趋势线+量能平稳+J值低位'],8.91,8.78,-1.4590347923681346,4.377104377104383,23,2026-01-14,30
2025-12-16,300976,达瑞电子,1,97.1,case_006,2025-08-04,中小板,['匹配case_006: 国轩高科 - 靠近短期趋势线+量能平稳+J值低位'],56.9,66.25,16.432337434094908,20.702987697715304,20,2026-01-15,30
2025-12-16,688230,芯导科技,2,95.77,case_006,2025-08-04,中小板,['匹配case_006: 国轩高科 - 靠近短期趋势线+量能平稳+J值低位'],63.69,79.56,24.917569477154977,28.07348092322185,29,2026-01-15,30
2025-12-16,688519,南亚新材,3,95.07,case_006,2025-08-04,中小板,['匹配case_006: 国轩高科 - 靠近短期趋势线+量能平稳+J值低位'],61.58,78.6,27.63884378044819,42.90354011042547,13,2026-01-15,30
2025-12-16,688620,安凯微,4,94.65,case_001,2025-05-12,科创板,['匹配case_001: 华纳药厂 - 杯型整理+缩量+J值低位'],11.23,12.57,11.932324131789846,17.008014247551202,27,2026-01-15,30
2025-12-16,688008,澜起科技,5,94.5,case_006,2025-08-04,中小板,['匹配case_006: 国轩高科 - 靠近短期趋势线+量能平稳+J值低位'],113.57,135.2,19.045522585189747,26.168882627454433,22,2026-01-15,30
2025-12-16,300100,双林股份,6,94.34,case_006,2025-08-04,中小板,['匹配case_006: 国轩高科 - 靠近短期趋势线+量能平稳+J值低位'],36.31,39.09,7.65629303222253,14.486367391903052,28,2026-01-15,30
2025-12-16,688419,耐科装备,7,94.04,case_006,2025-08-04,中小板,['匹配case_006: 国轩高科 - 靠近短期趋势线+量能平稳+J值低位'],26.55,39.57,49.039548022598865,61.77024482109229,30,2026-01-15,30
2025-12-16,002436,兴森科技,8,93.96,case_006,2025-08-04,中小板,['匹配case_006: 国轩高科 - 靠近短期趋势线+量能平稳+J值低位'],19.16,22.75,18.73695198329854,23.068893528183708,27,2026-01-15,30
2025-12-16,300573,兴齐眼药,9,93.92,case_006,2025-08-04,中小板,['匹配case_006: 国轩高科 - 靠近短期趋势线+量能平稳+J值低位'],66.88,76.83,14.877392344497615,15.66985645933015,28,2026-01-15,30
2025-12-16,600496,精工钢构,10,93.69,case_006,2025-08-04,中小板,['匹配case_006: 国轩高科 - 靠近短期趋势线+量能平稳+J值低位'],4.2,4.48,6.666666666666672,10.714285714285717,27,2026-01-15,30
2025-12-17,300221,银禧科技,1,95.71,case_004,2025-07-23,主板,['匹配case_004: 方正科技 - 靠近多空线+量能平稳+J值中位'],9.12,10.87,19.188596491228072,36.951754385964925,26,2026-01-16,30
2025-12-17,002523,天桥起重,2,95.02,case_006,2025-08-04,中小板,['匹配case_006: 国轩高科 - 靠近短期趋势线+量能平稳+J值低位'],3.81,4.47,17.322834645669282,31.758530183727018,27,2026-01-16,30
2025-12-17,002575,群兴玩具,3,94.53,case_001,2025-05-12,科创板,['匹配case_001: 华纳药厂 - 杯型整理+缩量+J值低位'],6.26,6.33,1.1182108626198128,10.063897763578273,0,2026-01-16,30
2025-12-17,002371,北方华创,4,93.9,case_002,2025-08-06,主板,['匹配case_002: 宁波韵升 - 回落短期趋势线+量能平稳+J值中位'],444.74,523.88,17.79466654674641,20.070153348023563,30,2026-01-16,30
2025-12-17,688568,中科星图,5,93.67,case_011,2025-11-12,主板,['匹配case_011: 航天发展 - 航天军工+量能异动+趋势突破'],44.95,80.24,78.50945494994436,122.35817575083425,28,2026-01-16,30
2025-12-17,688698,伟创电气,6,93.43,case_002,2025-08-06,主板,['匹配case_002: 宁波韵升 - 回落短期趋势线+量能平稳+J值中位'],82.69,98.83,19.51868424235095,29.85850767928407,26,2026-01-16,30
2025-12-17,002098,浔兴股份,7,93.41,case_001,2025-05-12,科创板,['匹配case_001: 华纳药厂 - 杯型整理+缩量+J值低位'],9.57,10.3,7.628004179728322,26.12330198537095,27,2026-01-16,30
2025-12-17,688543,国科军工,8,93.32,case_002,2025-08-06,主板,['匹配case_002: 宁波韵升 - 回落短期趋势线+量能平稳+J值中位'],54.74,71.0,29.704055535257577,59.115820241139915,26,2026-01-16,30
2025-12-17,688656,浩欧博,9,93.18,case_004,2025-07-23,主板,['匹配case_004: 方正科技 - 靠近多空线+量能平稳+J值中位'],196.5,156.41,-20.40203562340967,0.5903307888040695,0,2026-01-16,30
2025-12-17,002307,北新路桥,10,92.96,case_002,2025-08-06,主板,['匹配case_002: 宁波韵升 - 回落短期趋势线+量能平稳+J值中位'],5.36,4.93,-8.022388059701504,4.664179104477611,1,2026-01-16,30
2025-12-18,603416,信捷电气,1,96.56,case_006,2025-08-04,中小板,['匹配case_006: 国轩高科 - 靠近短期趋势线+量能平稳+J值低位'],52.51,64.55,22.928965911255,26.585412302418586,26,2026-01-19,30
2025-12-18,002429,兆驰股份,2,95.01,case_003,2025-06-20,科创板,['匹配case_003: 微芯生物 - 平台整理+缩量后放量+J值低位'],6.71,9.4,40.08941877794337,43.6661698956781,27,2026-01-19,30
2025-12-18,605086,龙高股份,3,94.99,case_002,2025-08-06,主板,['匹配case_002: 宁波韵升 - 回落短期趋势线+量能平稳+J值中位'],38.27,40.75,6.480271753331583,29.344133786255544,22,2026-01-19,30
2025-12-18,002371,北方华创,4,94.82,case_002,2025-08-06,主板,['匹配case_002: 宁波韵升 - 回落短期趋势线+量能平稳+J值中位'],443.1,523.87,18.228390882419312,20.514556533513872,29,2026-01-19,30
2025-12-18,300835,龙磁科技,5,94.56,case_002,2025-08-06,主板,['匹配case_002: 宁波韵升 - 回落短期趋势线+量能平稳+J值中位'],60.7,74.3,22.40527182866556,25.485996705107084,32,2026-01-19,30
2025-12-18,002487,大金重工,6,94.17,case_004,2025-07-23,主板,['匹配case_004: 方正科技 - 靠近多空线+量能平稳+J值中位'],54.64,56.36,3.1478770131771574,3.843338213762814,32,2026-01-19,30
2025-12-18,301668,昊创瑞通,7,94.12,case_006,2025-08-04,中小板,['匹配case_006: 国轩高科 - 靠近短期趋势线+量能平稳+J值低位'],47.77,56.89,19.09148000837345,26.606656897634483,29,2026-01-19,30
2025-12-18,688165,埃夫特-U,8,94.09,case_006,2025-08-04,中小板,['匹配case_006: 国轩高科 - 靠近短期趋势线+量能平稳+J值低位'],19.19,23.74,23.71026576341843,34.497133923918696,12,2026-01-19,30
2025-12-18,688543,国科军工,9,93.85,case_002,2025-08-06,主板,['匹配case_002: 宁波韵升 - 回落短期趋势线+量能平稳+J值中位'],55.5,71.66,29.117117117117107,56.936936936936924,25,2026-01-19,30
2025-12-18,002575,群兴玩具,10,93.77,case_001,2025-05-12,科创板,['匹配case_001: 华纳药厂 - 杯型整理+缩量+J值低位'],6.35,6.39,0.6299212598425202,7.401574803149617,25,2026-01-19,30
2025-12-19,603416,信捷电气,1,96.09,case_006,2025-08-04,中小板,['匹配case_006: 国轩高科 - 靠近短期趋势线+量能平稳+J值低位'],52.33,64.55,23.35180584750621,27.02082935218804,25,2026-01-19,30
2025-12-19,600601,方正科技,2,96.06,case_002,2025-08-06,主板,['匹配case_002: 宁波韵升 - 回落短期趋势线+量能平稳+J值中位'],11.8,12.55,6.3559322033898304,17.457627118644055,19,2026-01-19,30
2025-12-19,002487,大金重工,3,95.52,case_002,2025-08-06,主板,['匹配case_002: 宁波韵升 - 回落短期趋势线+量能平稳+J值中位'],54.37,56.36,3.6601066764760013,4.359021519220167,31,2026-01-19,30
2025-12-19,002429,兆驰股份,4,95.3,case_008,2025-07-10,主板,['匹配case_008: 光电股份 - 缩量后放量+J值低位+趋势上行'],6.71,9.4,40.08941877794337,43.6661698956781,26,2026-01-19,30
2025-12-19,688671,碧兴物联,5,94.55,case_001,2025-05-12,科创板,['匹配case_001: 华纳药厂 - 杯型整理+缩量+J值低位'],25.33,25.66,1.3028030003947961,5.329648637978687,26,2026-01-19,30
2025-12-19,603890,春秋电子,6,94.46,case_002,2025-08-06,主板,['匹配case_002: 宁波韵升 - 回落短期趋势线+量能平稳+J值中位'],15.62,16.15,3.3930857874519806,15.492957746478876,6,2026-01-19,30
2025-12-19,603163,圣晖集成,7,93.94,case_004,2025-07-23,主板,['匹配case_004: 方正科技 - 靠近多空线+量能平稳+J值中位'],58.68,86.67,47.69938650306749,67.04158145875937,31,2026-01-19,30
2025-12-19,300131,英唐智控,8,93.93,case_002,2025-08-06,主板,['匹配case_002: 宁波韵升 - 回落短期趋势线+量能平稳+J值中位'],12.75,15.77,23.686274509803916,33.33333333333333,28,2026-01-19,30
2025-12-19,688543,国科军工,9,93.51,case_002,2025-08-06,主板,['匹配case_002: 宁波韵升 - 回落短期趋势线+量能平稳+J值中位'],55.0,71.66,30.290909090909086,58.36363636363635,24,2026-01-19,30
2025-12-19,300421,力星股份,10,93.44,case_001,2025-05-12,科创板,['匹配case_001: 华纳药厂 - 杯型整理+缩量+J值低位'],27.16,34.72,27.83505154639175,43.63033873343151,11,2026-01-19,30
2025-12-22,603890,春秋电子,1,94.84,case_002,2025-08-06,主板,['匹配case_002: 宁波韵升 - 回落短期趋势线+量能平稳+J值中位'],15.89,16.32,2.706104468219004,13.530522341095018,3,2026-01-21,30
2025-12-22,301319,唯特偶,2,94.83,case_002,2025-08-06,主板,['匹配case_002: 宁波韵升 - 回落短期趋势线+量能平稳+J值中位'],47.95,54.19,13.013555787278403,27.215849843587065,22,2026-01-21,30
2025-12-22,301550,斯菱智驱,3,94.57,case_002,2025-08-06,主板,['匹配case_002: 宁波韵升 - 回落短期趋势线+量能平稳+J值中位'],106.86,197.0,84.35335953584129,99.1577765300393,25,2026-01-21,30
2025-12-22,688671,碧兴物联,4,94.28,case_001,2025-05-12,科创板,['匹配case_001: 华纳药厂 - 杯型整理+缩量+J值低位'],25.08,25.78,2.7910685805422766,6.379585326953754,23,2026-01-21,30
2025-12-22,688383,新益昌,5,94.02,case_008,2025-07-10,主板,['匹配case_008: 光电股份 - 缩量后放量+J值低位+趋势上行'],72.52,82.44,13.67898510755654,18.560397131825717,28,2026-01-21,30
2025-12-22,002768,国恩股份,6,93.68,case_006,2025-08-04,中小板,['匹配case_006: 国轩高科 - 靠近短期趋势线+量能平稳+J值低位'],51.84,57.67,11.246141975308637,15.856481481481477,21,2026-01-21,30
2025-12-22,605086,龙高股份,7,93.65,case_002,2025-08-06,主板,['匹配case_002: 宁波韵升 - 回落短期趋势线+量能平稳+J值中位'],37.9,41.5,9.498680738786284,30.60686015831135,18,2026-01-21,30
2025-12-22,603269,海鸥股份,8,93.43,case_008,2025-07-10,主板,['匹配case_008: 光电股份 - 缩量后放量+J值低位+趋势上行'],12.42,13.37,7.648953301127208,14.331723027375196,17,2026-01-21,30
2025-12-22,300620,光库科技,9,93.34,case_002,2025-08-06,主板,['匹配case_002: 宁波韵升 - 回落短期趋势线+量能平稳+J值中位'],158.36,148.46,-6.251578681485228,3.9403889871179465,1,2026-01-21,30
2025-12-22,603179,新泉股份,10,92.99,case_002,2025-08-06,主板,['匹配case_002: 宁波韵升 - 回落短期趋势线+量能平稳+J值中位'],63.98,96.1,50.203188496405126,69.44357611753674,28,2026-01-21,30
2025-12-23,603758,秦安股份,1,95.37,case_004,2025-07-23,主板,['匹配case_004: 方正科技 - 靠近多空线+量能平稳+J值中位'],17.96,16.06,-10.579064587973285,4.120267260579056,2,2026-01-22,30
2025-12-23,002768,国恩股份,2,95.18,case_006,2025-08-04,中小板,['匹配case_006: 国轩高科 - 靠近短期趋势线+量能平稳+J值低位'],51.52,58.99,14.499223602484468,16.57608695652174,20,2026-01-22,30
2025-12-23,603766,隆鑫通用,3,94.99,case_004,2025-07-23,主板,['匹配case_004: 方正科技 - 靠近多空线+量能平稳+J值中位'],15.35,15.51,1.042345276872965,4.16938110749186,8,2026-01-22,30
2025-12-23,300503,昊志机电,4,94.74,case_003,2025-06-20,科创板,['匹配case_003: 微芯生物 - 平台整理+缩量后放量+J值低位'],34.98,67.26,92.28130360205836,113.4076615208691,20,2026-01-22,30
2025-12-23,300416,苏试试验,5,94.37,case_011,2025-11-12,主板,['匹配case_011: 航天发展 - 航天军工+量能异动+趋势突破'],16.85,20.22,19.999999999999986,28.6053412462908,20,2026-01-22,30
2025-12-23,300129,泰胜风能,6,94.15,case_009,2025-08-01,创业板,['匹配case_009: 新瀚新材 - 缩量后放量+价格接近短期趋势线+J值中位'],8.5,15.67,84.35294117647058,116.70588235294119,21,2026-01-22,30
2025-12-23,002429,兆驰股份,7,94.11,case_004,2025-07-23,主板,['匹配case_004: 方正科技 - 靠近多空线+量能平稳+J值中位'],6.75,9.67,43.25925925925926,46.66666666666667,28,2026-01-22,30
2025-12-23,601001,晋控煤业,8,93.95,case_006,2025-08-04,中小板,['匹配case_006: 国轩高科 - 靠近短期趋势线+量能平稳+J值低位'],13.66,14.91,9.150805270863836,10.102489019033667,30,2026-01-22,30
2025-12-23,603991,至正股份,9,93.92,case_004,2025-07-23,主板,['匹配case_004: 方正科技 - 靠近多空线+量能平稳+J值中位'],73.04,88.79,21.56352683461117,23.206462212486294,30,2026-01-22,30
2025-12-23,600353,旭光电子,10,93.55,case_008,2025-07-10,主板,['匹配case_008: 光电股份 - 缩量后放量+J值低位+趋势上行'],15.67,17.19,9.700063816209326,20.48500319081046,20,2026-01-22,30
2025-12-24,002487,大金重工,1,94.89,case_004,2025-07-23,主板,['匹配case_004: 方正科技 - 靠近多空线+量能平稳+J值中位'],54.12,60.98,12.675535846267552,15.373244641537326,28,2026-01-23,30
2025-12-24,603130,云中马,2,92.82,case_004,2025-07-23,主板,['匹配case_004: 方正科技 - 靠近多空线+量能平稳+J值中位'],47.67,63.93,34.109502831969785,35.473043843087886,26,2026-01-23,30
2025-12-24,600776,东方通信,3,92.78,case_011,2025-11-12,主板,['匹配case_011: 航天发展 - 航天军工+量能异动+趋势突破'],15.16,19.93,31.46437994722955,78.69393139841688,21,2026-01-23,30
2025-12-24,002222,福晶科技,4,92.58,case_004,2025-07-23,主板,['匹配case_004: 方正科技 - 靠近多空线+量能平稳+J值中位'],59.13,68.06,15.102316928800946,28.530356840859117,19,2026-01-23,30
2025-12-24,688671,碧兴物联,5,92.41,case_002,2025-08-06,主板,['匹配case_002: 宁波韵升 - 回落短期趋势线+量能平稳+J值中位'],25.01,25.9,3.558576569372239,6.677329068372644,21,2026-01-23,30
2025-12-24,603683,晶华新材,6,92.32,case_002,2025-08-06,主板,['匹配case_002: 宁波韵升 - 回落短期趋势线+量能平稳+J值中位'],26.78,27.21,1.6056758775205366,5.899925317401039,21,2026-01-23,30
2025-12-24,688053,ST思科瑞,7,92.21,case_011,2025-11-12,主板,['匹配case_011: 航天发展 - 航天军工+量能异动+趋势突破'],34.38,48.38,40.72134962187317,59.394997091332144,19,2026-01-23,30
2025-12-24,605136,丽人丽妆,8,92.03,case_002,2025-08-06,主板,['匹配case_002: 宁波韵升 - 回落短期趋势线+量能平稳+J值中位'],11.48,12.22,6.445993031358886,23.519163763066196,22,2026-01-23,30
2025-12-24,001335,信凯科技,9,92.0,case_004,2025-07-23,主板,['匹配case_004: 方正科技 - 靠近多空线+量能平稳+J值中位'],43.69,53.75,23.025864042114907,26.57358663309682,29,2026-01-23,30
2025-12-24,002389,航天彩虹,10,91.92,case_008,2025-07-10,主板,['匹配case_008: 光电股份 - 缩量后放量+J值低位+趋势上行'],22.95,25.35,10.457516339869292,28.453159041394343,19,2026-01-23,30
2025-12-25,002164,宁波东力,1,94.71,case_003,2025-06-20,科创板,['匹配case_003: 微芯生物 - 平台整理+缩量后放量+J值低位'],15.19,14.01,-7.768268597761684,11.98156682027651,4,2026-01-26,30
2025-12-25,001267,汇绿生态,2,93.87,case_002,2025-08-06,主板,['匹配case_002: 宁波韵升 - 回落短期趋势线+量能平稳+J值中位'],21.36,25.54,19.569288389513105,24.34456928838951,22,2026-01-26,30
2025-12-25,301077,星华新材,3,93.29,case_009,2025-08-01,创业板,['匹配case_009: 新瀚新材 - 缩量后放量+价格接近短期趋势线+J值中位'],27.7,32.72,18.122743682310468,42.59927797833936,22,2026-01-26,30
2025-12-25,301319,唯特偶,4,92.17,case_004,2025-07-23,主板,['匹配case_004: 方正科技 - 靠近多空线+量能平稳+J值中位'],47.66,51.25,7.532522031053301,27.98992866135125,19,2026-01-26,30
2025-12-25,688661,和林微纳,5,92.17,case_011,2025-11-12,主板,['匹配case_011: 航天发展 - 航天军工+量能异动+趋势突破'],52.03,86.5,66.25024024601191,82.35633288487409,26,2026-01-26,30
2025-12-25,603129,春风动力,6,91.92,case_002,2025-08-06,主板,['匹配case_002: 宁波韵升 - 回落短期趋势线+量能平稳+J值中位'],280.8,266.2,-5.199430199430207,1.6987179487179422,12,2026-01-26,30
2025-12-25,300940,南极光,7,91.81,case_009,2025-08-01,创业板,['匹配case_009: 新瀚新材 - 缩量后放量+价格接近短期趋势线+J值中位'],31.08,29.28,-5.791505791505783,8.622908622908621,13,2026-01-26,30
2025-12-25,603683,晶华新材,8,91.75,case_002,2025-08-06,主板,['匹配case_002: 宁波韵升 - 回落短期趋势线+量能平稳+J值中位'],26.37,28.5,8.077360637087596,12.059158134243457,32,2026-01-26,30
2025-12-25,301168,通灵股份,9,91.68,case_002,2025-08-06,主板,['匹配case_002: 宁波韵升 - 回落短期趋势线+量能平稳+J值中位'],46.31,44.26,-4.426689699848853,5.808680630533357,29,2026-01-26,30
2025-12-25,301066,万事利,10,91.56,case_008,2025-07-10,主板,['匹配case_008: 光电股份 - 缩量后放量+J值低位+趋势上行'],16.9,21.95,29.881656804733737,53.13609467455622,19,2026-01-26,30
2025-12-26,002487,大金重工,1,95.61,case_002,2025-08-06,主板,['匹配case_002: 宁波韵升 - 回落短期趋势线+量能平稳+J值中位'],52.58,61.5,16.964625332826174,19.418029669075697,31,2026-01-26,30
2025-12-26,600327,大东方,2,93.5,case_003,2025-06-20,科创板,['匹配case_003: 微芯生物 - 平台整理+缩量后放量+J值低位'],5.25,5.11,-2.6666666666666607,5.523809523809525,0,2026-01-26,30
2025-12-26,000603,盛达资源,3,93.29,case_002,2025-08-06,主板,['匹配case_002: 宁波韵升 - 回落短期趋势线+量能平稳+J值中位'],29.87,56.65,89.6551724137931,89.6551724137931,31,2026-01-26,30
2025-12-26,301066,万事利,4,93.25,case_008,2025-07-10,主板,['匹配case_008: 光电股份 - 缩量后放量+J值低位+趋势上行'],16.58,21.95,32.38841978287093,56.09167671893849,18,2026-01-26,30
2025-12-26,002222,福晶科技,5,93.12,case_004,2025-07-23,主板,['匹配case_004: 方正科技 - 靠近多空线+量能平稳+J值中位'],57.97,66.46,14.645506296360178,31.102294290150077,17,2026-01-26,30
2025-12-26,001267,汇绿生态,6,93.11,case_002,2025-08-06,主板,['匹配case_002: 宁波韵升 - 回落短期趋势线+量能平稳+J值中位'],21.46,25.54,19.012115563839693,23.765144454799618,21,2026-01-26,30
2025-12-26,603991,至正股份,7,92.82,case_004,2025-07-23,主板,['匹配case_004: 方正科技 - 靠近多空线+量能平稳+J值中位'],72.92,85.82,17.690619857377936,24.61601755348327,31,2026-01-26,30
2025-12-26,300062,中能电气,8,92.8,case_002,2025-08-06,主板,['匹配case_002: 宁波韵升 - 回落短期趋势线+量能平稳+J值中位'],9.91,9.88,-0.3027245206861691,11.806256306760847,18,2026-01-26,30
2025-12-26,688396,华润微,9,92.58,case_009,2025-08-01,创业板,['匹配case_009: 新瀚新材 - 缩量后放量+价格接近短期趋势线+J值中位'],54.4,68.05,25.09191176470588,29.558823529411775,21,2026-01-26,30
2025-12-26,300849,锦盛新材,10,92.48,case_004,2025-07-23,主板,['匹配case_004: 方正科技 - 靠近多空线+量能平稳+J值中位'],15.86,18.9,19.167717528373263,25.283732660781848,24,2026-01-26,30
2025-12-29,688226,威腾电气,1,93.62,case_002,2025-08-06,主板,['匹配case_002: 宁波韵升 - 回落短期趋势线+量能平稳+J值中位'],37.1,38.68,4.258760107816706,17.061994609164415,24,2026-01-28,30
2025-12-29,002487,大金重工,2,93.54,case_002,2025-08-06,主板,['匹配case_002: 宁波韵升 - 回落短期趋势线+量能平稳+J值中位'],52.71,66.22,25.630810092961482,26.162018592297475,29,2026-01-28,30
2025-12-29,300964,本川智能,3,93.51,case_003,2025-06-20,科创板,['匹配case_003: 微芯生物 - 平台整理+缩量后放量+J值低位'],56.43,59.59,5.599858231437185,21.903242955874546,16,2026-01-28,30
2025-12-29,002222,福晶科技,4,93.42,case_002,2025-08-06,主板,['匹配case_002: 宁波韵升 - 回落短期趋势线+量能平稳+J值中位'],57.8,71.3,23.356401384083046,31.487889273356405,14,2026-01-28,30
2025-12-29,600628,新世界,5,93.41,case_011,2025-11-12,主板,['匹配case_011: 航天发展 - 航天军工+量能异动+趋势突破'],8.23,7.94,-3.523693803159174,5.224787363304978,15,2026-01-28,30
2025-12-29,600694,大商股份,6,93.35,case_011,2025-11-12,主板,['匹配case_011: 航天发展 - 航天军工+量能异动+趋势突破'],18.2,18.48,1.5384615384615448,11.538461538461545,15,2026-01-28,30
2025-12-29,300346,南大光电,7,92.97,case_004,2025-07-23,主板,['匹配case_004: 方正科技 - 靠近多空线+量能平稳+J值中位'],43.83,58.67,33.85808806753366,48.39151266255991,18,2026-01-28,30
2025-12-29,603766,隆鑫通用,8,92.89,case_004,2025-07-23,主板,['匹配case_004: 方正科技 - 靠近多空线+量能平稳+J值中位'],15.39,16.01,4.028589993502281,5.133203378817408,29,2026-01-28,30
2025-12-29,300492,华图山鼎,9,92.76,case_003,2025-06-20,科创板,['匹配case_003: 微芯生物 - 平台整理+缩量后放量+J值低位'],73.52,79.37,7.957018498367803,28.74047878128402,16,2026-01-28,30
2025-12-29,688249,晶合集成,10,92.48,case_002,2025-08-06,主板,['匹配case_002: 宁波韵升 - 回落短期趋势线+量能平稳+J值中位'],33.47,39.75,18.76307140723036,19.778906483418,30,2026-01-28,30
2025-12-30,603650,彤程新材,1,95.87,case_002,2025-08-06,主板,['匹配case_002: 宁波韵升 - 回落短期趋势线+量能平稳+J值中位'],44.45,57.11,28.481439820022487,45.714285714285694,17,2026-01-29,30
2025-12-30,300492,华图山鼎,2,94.91,case_003,2025-06-20,科创板,['匹配case_003: 微芯生物 - 平台整理+缩量后放量+J值低位'],72.34,77.14,6.63533314901852,30.840475532209016,15,2026-01-29,30
2025-12-30,301285,鸿日达,3,94.37,case_002,2025-08-06,主板,['匹配case_002: 宁波韵升 - 回落短期趋势线+量能平稳+J值中位'],67.61,74.0,9.451264605827541,16.521224670906673,28,2026-01-29,30
2025-12-30,603886,元祖股份,4,94.14,case_002,2025-08-06,主板,['匹配case_002: 宁波韵升 - 回落短期趋势线+量能平稳+J值中位'],13.48,13.56,0.5934718100890213,9.050445103857559,15,2026-01-29,30
2025-12-30,002222,福晶科技,5,94.03,case_002,2025-08-06,主板,['匹配case_002: 宁波韵升 - 回落短期趋势线+量能平稳+J值中位'],57.38,66.88,16.556291390728465,32.45033112582781,13,2026-01-29,30
2025-12-30,688072,拓荆科技,6,94.0,case_004,2025-07-23,主板,['匹配case_004: 方正科技 - 靠近多空线+量能平稳+J值中位'],333.99,361.68,8.290667385251055,17.967603820473663,8,2026-01-29,30
2025-12-30,300964,本川智能,7,93.98,case_003,2025-06-20,科创板,['匹配case_003: 微芯生物 - 平台整理+缩量后放量+J值低位'],56.07,57.32,2.2293561619404314,22.685928303905843,15,2026-01-29,30
2025-12-30,688611,杭州柯林,8,93.88,case_002,2025-08-06,主板,['匹配case_002: 宁波韵升 - 回落短期趋势线+量能平稳+J值中位'],48.55,59.19,21.915550978372814,37.919670442842424,27,2026-01-29,30
2025-12-30,300128,锦富技术,9,93.52,case_008,2025-07-10,主板,['匹配case_008: 光电股份 - 缩量后放量+J值低位+趋势上行'],7.28,7.22,-0.824175824175831,14.69780219780219,20,2026-01-29,30
2025-12-30,300701,森霸传感,10,93.38,case_008,2025-07-10,主板,['匹配case_008: 光电股份 - 缩量后放量+J值低位+趋势上行'],12.94,13.03,0.695517774343121,11.128284389489963,27,2026-01-29,30
