选股日期,排名,代码,名称,相似度,匹配案例,匹配日期,类别,推荐理由,买入价,卖出价,涨跌幅,最大涨幅,最大涨幅天数,卖出日期,持有天数
2025-07-01,1,301188,力诺药包,95.7%,case_002,2025-08-06,bowl_center,匹配case_002,21.78,20.53,-5.74%,+1.56%,第0天,2025-07-16,15
2025-07-01,2,000518,*ST四环,94.3%,case_004,2025-07-23,bowl_center,匹配case_004,2.54,2.4,-5.51%,+3.15%,第3天,2025-07-16,15
2025-07-01,3,603036,如通股份,93.9%,case_004,2025-07-23,bowl_center,匹配case_004,16.96,16.99,+0.18%,+2.89%,第3天,2025-07-16,15
2025-07-01,4,000669,ST金鸿,93.5%,case_002,2025-08-06,bowl_center,匹配case_002,2.6,2.67,+2.69%,+9.23%,第8天,2025-07-16,15
2025-07-01,5,300475,香农芯创,93.5%,case_004,2025-07-23,bowl_center,匹配case_004,35.045,34.455,-1.68%,+4.51%,第2天,2025-07-16,15
2025-07-01,6,603657,春光科技,93.1%,case_002,2025-08-06,bowl_center,匹配case_002,33.58,31.65,-5.75%,+8.37%,第7天,2025-07-16,15
2025-07-01,7,000766,通化金马,92.7%,case_002,2025-08-06,bowl_center,匹配case_002,25.35,24.28,-4.22%,+2.37%,第1天,2025-07-16,15
2025-07-01,8,301567,贝隆精密,92.4%,case_011,2025-11-12,bowl_center,匹配case_011,42.55,41.65,-2.12%,+1.81%,第0天,2025-07-16,15
2025-07-01,9,603353,和顺石油,92.3%,case_008,2025-07-10,bowl_center,匹配case_008,16.58,16.22,-2.17%,+1.09%,第0天,2025-07-16,15
2025-07-01,10,600568,ST中珠,91.7%,case_002,2025-08-06,bowl_center,匹配case_002,1.66,1.61,-3.01%,+1.20%,第0天,2025-07-16,15
2025-07-02,1,000669,ST金鸿,94.8%,case_002,2025-08-06,bowl_center,匹配case_002,2.6,2.64,+1.54%,+9.23%,第7天,2025-07-17,15
2025-07-02,2,300056,中创环保,94.6%,case_004,2025-07-23,bowl_center,匹配case_004,14.06,13.7,-2.56%,+3.98%,第6天,2025-07-17,15
2025-07-02,3,605319,无锡振华,94.6%,case_003,2025-06-20,bowl_center,匹配case_003,23.057,22.75,-1.33%,+3.81%,第0天,2025-07-17,15
2025-07-02,4,300648,星云股份,94.1%,case_002,2025-08-06,bowl_center,匹配case_002,33.91,36.42,+7.40%,+11.97%,第12天,2025-07-17,15
2025-07-02,5,002241,歌尔股份,93.9%,case_004,2025-07-23,bowl_center,匹配case_004,22.513,23.143,+2.80%,+5.55%,第1天,2025-07-17,15
2025-07-02,6,300940,南极光,93.7%,case_004,2025-07-23,bowl_center,匹配case_004,24.12,27.6,+14.43%,+18.99%,第15天,2025-07-17,15
2025-07-02,7,603036,如通股份,93.5%,case_004,2025-07-23,bowl_center,匹配case_004,16.85,16.87,+0.12%,+3.56%,第2天,2025-07-17,15
2025-07-02,8,001268,联合精密,93.5%,case_004,2025-07-23,bowl_center,匹配case_004,24.58,27.25,+10.86%,+16.88%,第7天,2025-07-17,15
2025-07-02,9,603353,和顺石油,93.5%,case_008,2025-07-10,bowl_center,匹配case_008,16.48,16.26,-1.33%,+1.03%,第0天,2025-07-17,15
2025-07-02,10,688195,腾景科技,93.2%,case_003,2025-06-20,bowl_center,匹配case_003,41.94,42.57,+1.50%,+5.32%,第1天,2025-07-17,15
2025-07-03,1,603657,春光科技,95.1%,case_002,2025-08-06,bowl_center,匹配case_002,33.3,32.72,-1.74%,+9.28%,第5天,2025-07-18,15
2025-07-03,2,603680,今创集团,94.4%,case_002,2025-08-06,bowl_center,匹配case_002,11.22,12.23,+9.00%,+21.12%,第13天,2025-07-18,15
2025-07-03,3,688120,华海清科,93.8%,case_004,2025-07-23,bowl_center,匹配case_004,108.43,111.35,+2.69%,+5.92%,第4天,2025-07-18,15
2025-07-03,4,688036,传音控股,93.6%,case_002,2025-08-06,bowl_center,匹配case_002,75.95,73.89,-2.71%,+2.30%,第5天,2025-07-18,15
2025-07-03,5,000766,通化金马,93.2%,case_002,2025-08-06,bowl_center,匹配case_002,24.89,24.24,-2.61%,+1.04%,第14天,2025-07-18,15
2025-07-03,6,002779,中坚科技,93.2%,case_004,2025-07-23,bowl_center,匹配case_004,73.0,80.2,+9.86%,+14.37%,第13天,2025-07-18,15
2025-07-03,7,688800,瑞可达,93.1%,case_002,2025-08-06,bowl_center,匹配case_002,45.0,50.77,+12.82%,+16.60%,第14天,2025-07-18,15
2025-07-03,8,300872,天阳科技,92.9%,case_002,2025-08-06,bowl_center,匹配case_002,20.7,24.13,+16.57%,+36.14%,第5天,2025-07-18,15
2025-07-03,9,300056,中创环保,92.9%,case_002,2025-08-06,bowl_center,匹配case_002,14.15,13.7,-3.18%,+3.32%,第5天,2025-07-18,15
2025-07-03,10,688361,中科飞测,92.8%,case_004,2025-07-23,bowl_center,匹配case_004,81.95,81.33,-0.76%,+4.86%,第4天,2025-07-18,15
2025-07-04,1,300173,ST福能,95.0%,case_003,2025-06-20,bowl_center,匹配case_003,6.06,4.42,-27.06%,+20.79%,第136天,2026-03-20,15
2025-07-04,2,301487,盟固利,95.0%,case_003,2025-06-20,bowl_center,匹配case_003,20.63,21.57,+4.56%,+49.30%,第75天,2026-03-20,15
2025-07-04,3,603096,新经典,94.8%,case_004,2025-07-23,bowl_center,匹配case_004,18.41,17.58,-4.51%,+12.87%,第221天,2026-03-20,15
2025-07-04,4,600992,贵绳股份,94.7%,case_011,2025-11-12,bowl_center,匹配case_011,15.03,12.71,-15.44%,+9.85%,第25天,2026-03-20,15
2025-07-04,5,688195,腾景科技,94.5%,case_003,2025-06-20,bowl_center,匹配case_003,41.43,234.11,+465.07%,+518.68%,第220天,2026-03-20,15
2025-07-04,6,300550,和仁科技,94.4%,case_004,2025-07-23,bowl_center,匹配case_004,13.17,12.44,-5.54%,+28.70%,第194天,2026-03-20,15
2025-07-04,7,300694,蠡湖股份,94.0%,case_003,2025-06-20,bowl_center,匹配case_003,13.98,11.83,-15.38%,+3.22%,第0天,2026-03-20,15
2025-07-04,8,002117,东港股份,93.8%,case_002,2025-08-06,bowl_center,匹配case_002,11.38,10.72,-5.80%,+26.98%,第179天,2026-03-20,15
2025-07-04,9,600322,津投城开,93.8%,case_004,2025-07-23,bowl_center,匹配case_004,2.89,2.41,-16.61%,+25.26%,第76天,2026-03-20,15
2025-07-04,10,603598,引力传媒,93.8%,case_004,2025-07-23,bowl_center,匹配case_004,17.13,19.38,+13.13%,+101.28%,第194天,2026-03-20,15
2025-07-07,1,688167,炬光科技,96.6%,case_004,2025-07-23,bowl_center,匹配case_004,77.6,80.78,+4.10%,+7.85%,第15天,2025-07-22,15
2025-07-07,2,603598,引力传媒,95.7%,case_002,2025-08-06,bowl_center,匹配case_002,17.22,17.87,+3.77%,+7.14%,第11天,2025-07-22,15
2025-07-07,3,603258,电魂网络,95.1%,case_004,2025-07-23,bowl_center,匹配case_004,23.78,22.77,-4.25%,+10.01%,第1天,2025-07-22,15
2025-07-07,4,300331,苏大维格,95.1%,case_004,2025-07-23,bowl_center,匹配case_004,21.66,21.06,-2.77%,+1.62%,第1天,2025-07-22,15
2025-07-07,5,300841,康华生物,95.0%,case_004,2025-07-23,bowl_center,匹配case_004,63.11,66.32,+5.09%,+15.16%,第4天,2025-07-22,15
2025-07-07,6,605133,嵘泰股份,94.8%,case_002,2025-08-06,bowl_center,匹配case_002,31.046,33.95,+9.35%,+13.99%,第10天,2025-07-22,15
2025-07-07,7,002119,康强电子,94.8%,case_009,2025-08-01,bowl_center,匹配case_009,16.7,16.6,-0.60%,+1.68%,第1天,2025-07-22,15
2025-07-07,8,688130,晶华微,94.7%,case_011,2025-11-12,bowl_center,匹配case_011,21.4,21.81,+1.92%,+2.80%,第1天,2025-07-22,15
2025-07-07,9,002117,东港股份,94.7%,case_002,2025-08-06,bowl_center,匹配case_002,11.42,12.09,+5.87%,+10.77%,第10天,2025-07-22,15
2025-07-07,10,688036,传音控股,94.5%,case_002,2025-08-06,bowl_center,匹配case_002,73.98,74.35,+0.50%,+5.03%,第1天,2025-07-22,15
2025-07-08,1,301421,波长光电,95.7%,case_008,2025-07-10,bowl_center,匹配case_008,71.84,76.05,+5.86%,+8.94%,第14天,2025-07-23,15
2025-07-08,2,002647,*ST仁东,95.5%,case_002,2025-08-06,bowl_center,匹配case_002,6.01,5.87,-2.33%,+4.83%,第2天,2025-07-23,15
2025-07-08,3,301607,富特科技,94.5%,case_008,2025-07-10,bowl_center,匹配case_008,37.02,35.52,-4.05%,+0.92%,第0天,2025-07-23,15
2025-07-08,4,688272,富吉瑞,94.4%,case_004,2025-07-23,bowl_center,匹配case_004,25.05,24.84,-0.84%,+4.11%,第10天,2025-07-23,15
2025-07-08,5,300694,蠡湖股份,94.3%,case_008,2025-07-10,bowl_center,匹配case_008,14.05,13.05,-7.12%,+0.57%,第0天,2025-07-23,15
2025-07-08,6,600184,光电股份,94.3%,case_011,2025-11-12,bowl_center,匹配case_011,16.09,17.73,+10.19%,+18.71%,第14天,2025-07-23,15
2025-07-08,7,688155,先惠技术,94.0%,case_002,2025-08-06,bowl_center,匹配case_002,49.05,55.9,+13.97%,+22.22%,第14天,2025-07-23,15
2025-07-08,8,600738,丽尚国潮,93.8%,case_006,2025-08-04,bowl_center,匹配case_006,5.35,5.69,+6.36%,+11.21%,第15天,2025-07-23,15
2025-07-08,9,301487,盟固利,93.7%,case_008,2025-07-10,bowl_center,匹配case_008,20.9,20.95,+0.24%,+4.83%,第14天,2025-07-23,15
2025-07-08,10,600322,津投城开,93.5%,case_004,2025-07-23,bowl_center,匹配case_004,2.91,2.94,+1.03%,+5.15%,第15天,2025-07-23,15
2025-07-09,1,600184,光电股份,100.0%,case_008,2025-07-10,bowl_center,匹配case_008,16.01,17.97,+12.24%,+19.30%,第13天,2025-07-24,15
2025-07-09,2,002580,圣阳股份,96.0%,case_006,2025-08-04,bowl_center,匹配case_006,13.41,13.82,+3.06%,+5.89%,第13天,2025-07-24,15
2025-07-09,3,300853,申昊科技,95.4%,case_009,2025-08-01,bowl_center,匹配case_009,23.06,24.4,+5.81%,+12.49%,第13天,2025-07-24,15
2025-07-09,4,300447,全信股份,94.8%,case_011,2025-11-12,bowl_center,匹配case_011,15.64,16.26,+3.96%,+12.15%,第14天,2025-07-24,15
2025-07-09,5,300377,赢时胜,94.7%,case_004,2025-07-23,bowl_center,匹配case_004,25.2,25.6,+1.59%,+7.14%,第2天,2025-07-24,15
2025-07-09,6,003026,中晶科技,94.4%,case_009,2025-08-01,bowl_center,匹配case_009,34.78,34.96,+0.52%,+7.53%,第7天,2025-07-24,15
2025-07-09,7,600844,金煤科技,94.4%,case_004,2025-07-23,bowl_center,匹配case_004,3.45,3.43,-0.58%,+5.22%,第14天,2025-07-24,15
2025-07-09,8,688591,泰凌微,94.4%,case_008,2025-07-10,bowl_center,匹配case_008,46.21,45.63,-1.26%,+4.41%,第13天,2025-07-24,15
2025-07-09,9,688115,思林杰,94.2%,case_003,2025-06-20,bowl_center,匹配case_003,48.47,54.91,+13.29%,+16.28%,第12天,2025-07-24,15
2025-07-09,10,600738,丽尚国潮,94.2%,case_006,2025-08-04,bowl_center,匹配case_006,5.37,5.88,+9.50%,+11.55%,第15天,2025-07-24,15
2025-07-10,1,002940,昂利康,100.0%,case_010,2025-07-11,bowl_center,匹配case_010,37.633,57.493,+52.77%,+82.56%,第15天,2025-07-25,15
2025-07-10,2,688109,品茗科技,96.5%,case_004,2025-07-23,bowl_center,匹配case_004,30.502,35.012,+14.79%,+19.70%,第11天,2025-07-25,15
2025-07-10,3,600738,丽尚国潮,96.0%,case_006,2025-08-04,bowl_center,匹配case_006,5.32,5.53,+3.95%,+12.59%,第14天,2025-07-25,15
2025-07-10,4,688049,炬芯科技,95.4%,case_002,2025-08-06,bowl_center,匹配case_002,48.955,47.445,-3.08%,+1.60%,第0天,2025-07-25,15
2025-07-10,5,002724,海洋王,95.3%,case_008,2025-07-10,bowl_center,匹配case_008,7.66,7.65,-0.13%,+7.44%,第5天,2025-07-25,15
2025-07-10,6,688543,国科军工,94.9%,case_002,2025-08-06,bowl_center,匹配case_002,55.73,52.95,-4.99%,+4.38%,第5天,2025-07-25,15
2025-07-10,7,688361,中科飞测,94.8%,case_002,2025-08-06,bowl_center,匹配case_002,81.45,89.94,+10.42%,+12.34%,第15天,2025-07-25,15
2025-07-10,8,688419,耐科装备,94.7%,case_011,2025-11-12,bowl_center,匹配case_011,26.431,28.48,+7.75%,+9.61%,第15天,2025-07-25,15
2025-07-10,9,600184,光电股份,94.7%,case_008,2025-07-10,bowl_center,匹配case_008,15.82,18.67,+18.02%,+20.73%,第12天,2025-07-25,15
2025-07-10,10,301315,威士顿,94.7%,case_008,2025-07-10,bowl_center,匹配case_008,53.17,53.63,+0.87%,+6.98%,第1天,2025-07-25,15
2025-07-11,1,002724,海洋王,95.7%,case_008,2025-07-10,bowl_center,匹配case_008,7.66,7.19,-6.14%,+12.66%,第35天,2026-03-20,15
2025-07-11,2,688582,芯动联科,95.6%,case_006,2025-08-04,bowl_center,匹配case_006,63.744,59.0,-7.44%,+39.30%,第38天,2026-03-20,15
2025-07-11,3,688386,泛亚微透,95.6%,case_002,2025-08-06,bowl_center,匹配case_002,50.56,76.21,+50.73%,+104.07%,第196天,2026-03-20,15
2025-07-11,4,603167,渤海轮渡,94.5%,case_002,2025-08-06,bowl_center,匹配case_002,10.18,9.28,-8.84%,+5.99%,第116天,2026-03-20,15
2025-07-11,5,603933,睿能科技,94.5%,case_008,2025-07-10,bowl_center,匹配case_008,16.1,20.72,+28.70%,+102.17%,第150天,2026-03-20,15
2025-07-11,6,688518,联赢激光,94.5%,case_002,2025-08-06,bowl_center,匹配case_002,19.91,23.6,+18.53%,+68.91%,第199天,2026-03-20,15
2025-07-11,7,688392,骄成超声,94.5%,case_004,2025-07-23,bowl_center,匹配case_004,67.125,100.81,+50.18%,+138.36%,第192天,2026-03-20,15
2025-07-11,8,603069,海汽集团,94.2%,case_004,2025-07-23,bowl_center,匹配case_004,20.95,18.07,-13.75%,+50.74%,第171天,2026-03-20,15
2025-07-11,9,300093,*ST金刚,94.2%,case_006,2025-08-04,bowl_center,匹配case_006,10.524,19.03,+80.82%,+94.79%,第185天,2026-03-20,15
2025-07-11,10,688049,炬芯科技,94.1%,case_002,2025-08-06,bowl_center,匹配case_002,48.479,46.44,-4.21%,+40.74%,第95天,2026-03-20,15
2025-07-14,1,688518,联赢激光,96.0%,case_002,2025-08-06,bowl_center,匹配case_002,19.98,23.12,+15.72%,+17.62%,第14天,2025-07-29,15
2025-07-14,2,000881,中广核技,94.6%,case_002,2025-08-06,bowl_center,匹配case_002,8.49,7.95,-6.36%,+3.30%,第0天,2025-07-29,15
2025-07-14,3,688129,东来技术,94.5%,case_002,2025-08-06,bowl_center,匹配case_002,26.65,26.29,-1.35%,+2.25%,第11天,2025-07-29,15
2025-07-14,4,605123,派克新材,94.5%,case_002,2025-08-06,bowl_center,匹配case_002,76.98,74.05,-3.81%,+5.61%,第4天,2025-07-29,15
2025-07-14,5,600879,航天电子,94.4%,case_004,2025-07-23,bowl_center,匹配case_004,10.02,10.39,+3.69%,+3.79%,第15天,2025-07-29,15
2025-07-14,6,688183,生益电子,94.4%,case_002,2025-08-06,bowl_center,匹配case_002,46.403,52.703,+13.58%,+21.23%,第3天,2025-07-29,15
2025-07-14,7,301007,德迈仕,94.3%,case_002,2025-08-06,bowl_center,匹配case_002,29.73,38.2,+28.49%,+32.46%,第14天,2025-07-29,15
2025-07-14,8,688049,炬芯科技,94.0%,case_002,2025-08-06,bowl_center,匹配case_002,48.154,48.947,+1.65%,+1.70%,第15天,2025-07-29,15
2025-07-14,9,603773,沃格光电,93.8%,case_008,2025-07-10,bowl_center,匹配case_008,24.07,28.27,+17.45%,+17.45%,第15天,2025-07-29,15
2025-07-14,10,300943,春晖智控,93.7%,case_002,2025-08-06,bowl_center,匹配case_002,14.95,15.56,+4.08%,+7.02%,第4天,2025-07-29,15
2025-07-15,1,002528,ST英飞拓,96.3%,case_004,2025-07-23,bowl_center,匹配case_004,2.98,2.85,-4.36%,+2.35%,第0天,2025-07-30,15
2025-07-15,2,300409,道氏技术,96.0%,case_002,2025-08-06,bowl_center,匹配case_002,15.58,17.27,+10.85%,+19.96%,第14天,2025-07-30,15
2025-07-15,3,688361,中科飞测,95.5%,case_004,2025-07-23,bowl_center,匹配case_004,80.63,90.58,+12.34%,+16.57%,第14天,2025-07-30,15
2025-07-15,4,002565,顺灏股份,95.4%,case_002,2025-08-06,bowl_center,匹配case_002,6.42,7.22,+12.46%,+16.67%,第14天,2025-07-30,15
2025-07-15,5,300035,中科电气,95.1%,case_004,2025-07-23,bowl_center,匹配case_004,16.36,16.52,+0.98%,+6.42%,第9天,2025-07-30,15
2025-07-15,6,688170,德龙激光,94.3%,case_004,2025-07-23,bowl_center,匹配case_004,25.53,37.18,+45.63%,+53.94%,第13天,2025-07-30,15
2025-07-15,7,002425,凯撒文化,94.2%,case_002,2025-08-06,bowl_center,匹配case_002,3.17,3.07,-3.15%,+2.21%,第1天,2025-07-30,15
2025-07-15,8,002685,华东重机,94.1%,case_004,2025-07-23,bowl_center,匹配case_004,7.28,7.31,+0.41%,+6.32%,第10天,2025-07-30,15
2025-07-15,9,688521,芯原股份,93.9%,case_006,2025-08-04,bowl_center,匹配case_006,85.54,98.53,+15.19%,+17.45%,第15天,2025-07-30,15
2025-07-15,10,300682,朗新科技,93.9%,case_002,2025-08-06,bowl_center,匹配case_002,20.9,20.59,-1.48%,+4.69%,第14天,2025-07-30,15
2025-07-16,1,002565,顺灏股份,96.1%,case_002,2025-08-06,bowl_center,匹配case_002,6.4,7.17,+12.03%,+17.03%,第13天,2025-07-31,15
2025-07-16,2,301626,苏州天脉,95.5%,case_002,2025-08-06,bowl_center,匹配case_002,105.43,140.91,+33.65%,+42.13%,第13天,2025-07-31,15
2025-07-16,3,000553,安道麦A,95.5%,case_006,2025-08-04,bowl_center,匹配case_006,6.81,7.12,+4.55%,+10.43%,第9天,2025-07-31,15
2025-07-16,4,002528,ST英飞拓,95.0%,case_004,2025-07-23,bowl_center,匹配case_004,2.99,2.87,-4.01%,+1.67%,第2天,2025-07-31,15
2025-07-16,5,002414,高德红外,94.8%,case_004,2025-07-23,bowl_center,匹配case_004,10.04,11.74,+16.93%,+20.72%,第15天,2025-07-31,15
2025-07-16,6,002316,亚联发展,94.4%,case_002,2025-08-06,bowl_center,匹配case_002,5.15,5.26,+2.14%,+4.08%,第12天,2025-07-31,15
2025-07-16,7,605028,世茂能源,94.4%,case_008,2025-07-10,bowl_center,匹配case_008,18.91,19.63,+3.81%,+7.24%,第12天,2025-07-31,15
2025-07-16,8,688591,泰凌微,94.4%,case_004,2025-07-23,bowl_center,匹配case_004,45.77,47.57,+3.93%,+7.69%,第15天,2025-07-31,15
2025-07-16,9,300121,阳谷华泰,94.2%,case_004,2025-07-23,bowl_center,匹配case_004,14.282,14.072,-1.47%,+7.77%,第13天,2025-07-31,15
2025-07-16,10,002845,同兴达,94.2%,case_003,2025-06-20,bowl_center,匹配case_003,14.72,14.67,-0.34%,+3.19%,第12天,2025-07-31,15
2025-07-17,1,000530,冰山冷热,97.2%,case_008,2025-07-10,bowl_center,匹配case_008,6.51,6.36,-2.30%,+4.45%,第7天,2025-08-01,15
2025-07-17,2,600969,郴电国际,96.7%,case_011,2025-11-12,bowl_center,匹配case_011,7.72,7.56,-2.07%,+1.42%,第0天,2025-08-01,15
2025-07-17,3,300542,新晨科技,96.2%,case_002,2025-08-06,bowl_center,匹配case_002,23.05,21.52,-6.64%,+1.91%,第8天,2025-08-01,15
2025-07-17,4,603091,众鑫股份,95.3%,case_002,2025-08-06,bowl_center,匹配case_002,64.17,63.09,-1.68%,+6.26%,第5天,2025-08-01,15
2025-07-17,5,688267,中触媒,95.2%,case_002,2025-08-06,bowl_center,匹配case_002,30.005,28.715,-4.30%,+1.90%,第0天,2025-08-01,15
2025-07-17,6,300317,珈伟新能,95.0%,case_008,2025-07-10,bowl_center,匹配case_008,4.25,4.09,-3.76%,+1.65%,第0天,2025-08-01,15
2025-07-17,7,601515,衢州东峰,94.5%,case_002,2025-08-06,bowl_center,匹配case_002,3.84,4.24,+10.42%,+13.02%,第15天,2025-08-01,15
2025-07-17,8,002528,ST英飞拓,94.3%,case_004,2025-07-23,bowl_center,匹配case_004,2.95,2.87,-2.71%,+3.05%,第1天,2025-08-01,15
2025-07-17,9,688591,泰凌微,94.1%,case_004,2025-07-23,bowl_center,匹配case_004,45.41,46.1,+1.52%,+8.54%,第14天,2025-08-01,15
2025-07-17,10,300465,高伟达,94.0%,case_002,2025-08-06,bowl_center,匹配case_002,16.22,15.3,-5.67%,+0.92%,第1天,2025-08-01,15
2025-07-18,1,300317,珈伟新能,95.7%,case_008,2025-07-10,bowl_center,匹配case_008,4.23,6.15,+45.39%,+70.45%,第244天,2026-03-20,15
2025-07-18,2,002227,奥 特 迅,95.7%,case_008,2025-07-10,bowl_center,匹配case_008,13.79,9.17,-33.50%,+18.64%,第119天,2026-03-20,15
2025-07-18,3,000530,冰山冷热,95.7%,case_008,2025-07-10,bowl_center,匹配case_008,6.49,6.06,-6.63%,+27.89%,第147天,2026-03-20,15
2025-07-18,4,603980,吉华集团,95.6%,case_004,2025-07-23,bowl_center,匹配case_004,5.47,6.45,+17.92%,+63.80%,第209天,2026-03-20,15
2025-07-18,5,000553,安道麦A,95.0%,case_006,2025-08-04,bowl_center,匹配case_006,6.83,5.73,-16.11%,+10.10%,第7天,2026-03-20,15
2025-07-18,6,000899,赣能股份,94.7%,case_011,2025-11-12,bowl_center,匹配case_011,9.57,13.54,+41.48%,+68.76%,第236天,2026-03-20,15
2025-07-18,7,688627,精智达,94.2%,case_002,2025-08-06,bowl_center,匹配case_002,84.01,248.3,+195.56%,+280.56%,第222天,2026-03-20,15
2025-07-18,8,600819,耀皮玻璃,94.2%,case_011,2025-11-12,bowl_center,匹配case_011,6.482,7.43,+14.63%,+55.66%,第117天,2026-03-20,15
2025-07-18,9,601865,福莱特,94.2%,case_003,2025-06-20,bowl_center,匹配case_003,16.06,15.79,-1.68%,+26.15%,第115天,2026-03-20,15
2025-07-18,10,600969,郴电国际,94.2%,case_011,2025-11-12,bowl_center,匹配case_011,7.68,10.1,+31.51%,+63.80%,第189天,2026-03-20,15
2025-07-21,1,688627,精智达,96.1%,case_002,2025-08-06,bowl_center,匹配case_002,84.96,91.11,+7.24%,+14.95%,第11天,2025-08-05,15
2025-07-21,2,300763,锦浪科技,95.5%,case_008,2025-07-10,bowl_center,匹配case_008,58.88,58.84,-0.07%,+2.24%,第9天,2025-08-05,15
2025-07-21,3,688201,信安世纪,95.3%,case_002,2025-08-06,bowl_center,匹配case_002,12.35,11.87,-3.89%,+1.78%,第0天,2025-08-05,15
2025-07-21,4,688270,臻镭科技,95.2%,case_004,2025-07-23,bowl_center,匹配case_004,45.45,53.92,+18.64%,+20.51%,第15天,2025-08-05,15
2025-07-21,5,300541,先进数通,94.4%,case_002,2025-08-06,bowl_center,匹配case_002,16.1,15.55,-3.42%,+0.93%,第4天,2025-08-05,15
2025-07-21,6,000899,赣能股份,93.9%,case_011,2025-11-12,bowl_center,匹配case_011,9.57,9.44,-1.36%,+1.25%,第15天,2025-08-05,15
2025-07-21,7,603823,百合花,93.9%,case_004,2025-07-23,bowl_center,匹配case_004,13.53,12.92,-4.51%,+7.24%,第1天,2025-08-05,15
2025-07-21,8,300917,特发服务,93.6%,case_008,2025-07-10,bowl_center,匹配case_008,44.44,44.31,-0.29%,+12.49%,第8天,2025-08-05,15
2025-07-21,9,600476,湘邮科技,93.5%,case_004,2025-07-23,bowl_center,匹配case_004,18.9,18.43,-2.49%,+0.90%,第0天,2025-08-05,15
2025-07-21,10,300531,优博讯,93.1%,case_002,2025-08-06,bowl_center,匹配case_002,20.19,19.22,-4.80%,+1.54%,第0天,2025-08-05,15
2025-07-22,1,600601,方正科技,100.0%,case_004,2025-07-23,bowl_center,匹配case_004,5.37,5.87,+9.31%,+18.62%,第9天,2025-08-06,15
2025-07-22,2,301366,一博科技,96.5%,case_006,2025-08-04,bowl_center,匹配case_006,37.0,40.05,+8.24%,+16.22%,第6天,2025-08-06,15
2025-07-22,3,301263,泰恩康,95.5%,case_004,2025-07-23,bowl_center,匹配case_004,38.74,36.58,-5.58%,+5.78%,第14天,2025-08-06,15
2025-07-22,4,301586,佳力奇,95.4%,case_004,2025-07-23,bowl_center,匹配case_004,58.4,61.26,+4.90%,+5.67%,第15天,2025-08-06,15
2025-07-22,5,301577,美信科技,95.2%,case_004,2025-07-23,bowl_center,匹配case_004,58.65,62.06,+5.81%,+6.29%,第15天,2025-08-06,15
2025-07-22,6,002095,生 意 宝,95.1%,case_011,2025-11-12,bowl_center,匹配case_011,21.56,20.7,-3.99%,+3.48%,第3天,2025-08-06,15
2025-07-22,7,600287,苏豪时尚,95.0%,case_006,2025-08-04,bowl_center,匹配case_006,5.76,5.75,-0.17%,+1.74%,第0天,2025-08-06,15
2025-07-22,8,688073,毕得医药,95.0%,case_002,2025-08-06,bowl_center,匹配case_002,59.46,58.79,-1.13%,+5.92%,第7天,2025-08-06,15
2025-07-22,9,688270,臻镭科技,95.0%,case_004,2025-07-23,bowl_center,匹配case_004,45.11,56.37,+24.96%,+25.85%,第15天,2025-08-06,15
2025-07-22,10,301282,金禄电子,94.4%,case_004,2025-07-23,bowl_center,匹配case_004,24.582,26.562,+8.05%,+9.60%,第15天,2025-08-06,15
2025-07-23,1,300533,冰川网络,97.3%,case_002,2025-08-06,bowl_center,匹配case_002,35.58,36.43,+2.39%,+8.54%,第14天,2025-08-07,15
2025-07-23,2,600601,方正科技,97.0%,case_004,2025-07-23,bowl_center,匹配case_004,5.29,5.86,+10.78%,+20.42%,第8天,2025-08-07,15
2025-07-23,3,688489,三未信安,96.8%,case_002,2025-08-06,bowl_center,匹配case_002,40.88,40.66,-0.54%,+8.98%,第6天,2025-08-07,15
2025-07-23,4,300317,珈伟新能,95.7%,case_003,2025-06-20,bowl_center,匹配case_003,4.15,4.16,+0.24%,+2.41%,第0天,2025-08-07,15
2025-07-23,5,002212,天融信,95.3%,case_008,2025-07-10,bowl_center,匹配case_008,8.05,8.22,+2.11%,+4.22%,第12天,2025-08-07,15
2025-07-23,6,300032,金龙机电,95.2%,case_004,2025-07-23,bowl_center,匹配case_004,5.2,5.49,+5.58%,+7.31%,第15天,2025-08-07,15
2025-07-23,7,688073,毕得医药,95.2%,case_002,2025-08-06,bowl_center,匹配case_002,59.2,57.03,-3.67%,+6.39%,第6天,2025-08-07,15
2025-07-23,8,300995,奇德新材,95.2%,case_004,2025-07-23,bowl_center,匹配case_004,43.425,44.925,+3.45%,+8.89%,第14天,2025-08-07,15
2025-07-23,9,603800,洪田股份,95.1%,case_004,2025-07-23,bowl_center,匹配case_004,26.01,38.6,+48.40%,+58.90%,第15天,2025-08-07,15
2025-07-23,10,688717,艾罗能源,95.1%,case_003,2025-06-20,bowl_center,匹配case_003,57.803,56.733,-1.85%,+4.20%,第0天,2025-08-07,15
2025-07-24,1,688489,三未信安,96.1%,case_002,2025-08-06,bowl_center,匹配case_002,40.84,39.5,-3.28%,+9.08%,第5天,2025-08-08,15
2025-07-24,2,000722,湖南发展,96.1%,case_002,2025-08-06,bowl_center,匹配case_002,12.98,12.48,-3.85%,+0.08%,第0天,2025-08-08,15
2025-07-24,3,600589,大位科技,95.8%,case_002,2025-08-06,bowl_center,匹配case_002,8.46,8.02,-5.20%,+2.84%,第1天,2025-08-08,15
2025-07-24,4,002798,帝欧水华,95.0%,case_004,2025-07-23,bowl_center,匹配case_004,6.52,6.53,+0.15%,+1.38%,第13天,2025-08-08,15
2025-07-24,5,300600,国瑞科技,94.9%,case_002,2025-08-06,bowl_center,匹配case_002,14.95,21.06,+40.87%,+59.67%,第14天,2025-08-08,15
2025-07-24,6,300995,奇德新材,94.7%,case_004,2025-07-23,bowl_center,匹配case_004,42.535,44.875,+5.50%,+11.17%,第13天,2025-08-08,15
2025-07-24,7,600016,民生银行,94.5%,case_003,2025-06-20,bowl_center,匹配case_003,4.964,4.834,-2.62%,+3.02%,第0天,2025-08-08,15
2025-07-24,8,300913,兆龙互连,94.4%,case_004,2025-07-23,bowl_center,匹配case_004,47.23,50.0,+5.86%,+13.28%,第12天,2025-08-08,15
2025-07-24,9,600644,乐山电力,94.3%,case_002,2025-08-06,bowl_center,匹配case_002,14.65,14.47,-1.23%,+1.09%,第15天,2025-08-08,15
2025-07-24,10,603499,翔港科技,94.3%,case_004,2025-07-23,bowl_center,匹配case_004,15.9,16.38,+3.02%,+5.91%,第13天,2025-08-08,15
2025-07-25,1,601956,东贝集团,95.8%,case_004,2025-07-23,bowl_center,匹配case_004,6.7,6.53,-2.54%,+36.27%,第88天,2026-03-20,15
2025-07-25,2,688489,三未信安,95.7%,case_002,2025-08-06,bowl_center,匹配case_002,40.75,39.9,-2.09%,+46.01%,第28天,2026-03-20,15
2025-07-25,3,300211,*ST亿通,95.5%,case_008,2025-07-10,bowl_center,匹配case_008,7.1,8.21,+15.63%,+62.25%,第32天,2026-03-20,15
2025-07-25,4,600673,东阳光,95.3%,case_004,2025-07-23,bowl_center,匹配case_004,13.62,31.66,+132.45%,+205.29%,第227天,2026-03-20,15
2025-07-25,5,688073,毕得医药,95.3%,case_002,2025-08-06,bowl_center,匹配case_002,58.98,53.28,-9.66%,+40.52%,第96天,2026-03-20,15
2025-07-25,6,002484,江海股份,95.1%,case_004,2025-07-23,bowl_center,匹配case_004,21.64,27.94,+29.11%,+75.14%,第39天,2026-03-20,15
2025-07-25,7,000617,中油资本,94.9%,case_003,2025-06-20,bowl_center,匹配case_003,8.845,9.92,+12.15%,+54.15%,第38天,2026-03-20,15
2025-07-25,8,002204,大连重工,94.9%,case_004,2025-07-23,bowl_center,匹配case_004,6.38,6.57,+2.98%,+29.78%,第150天,2026-03-20,15
2025-07-25,9,000506,招金黄金,94.5%,case_002,2025-08-06,bowl_center,匹配case_002,10.56,16.4,+55.30%,+170.08%,第188天,2026-03-20,15
2025-07-25,10,603296,华勤技术,94.4%,case_002,2025-08-06,bowl_center,匹配case_002,83.8,86.81,+3.59%,+32.49%,第62天,2026-03-20,15
2025-07-28,1,688321,微芯生物,95.4%,case_002,2025-08-06,bowl_center,匹配case_002,34.0,36.0,+5.88%,+17.06%,第1天,2025-08-12,15
2025-07-28,2,002735,王子新材,95.0%,case_002,2025-08-06,bowl_center,匹配case_002,15.57,15.27,-1.93%,+1.41%,第9天,2025-08-12,15
2025-07-28,3,002496,*ST辉丰,94.6%,case_002,2025-08-06,bowl_center,匹配case_002,1.73,1.66,-4.05%,+0.58%,第0天,2025-08-12,15
2025-07-28,4,688583,思看科技,94.4%,case_004,2025-07-23,bowl_center,匹配case_004,93.65,96.2,+2.72%,+7.21%,第10天,2025-08-12,15
2025-07-28,5,688520,神州细胞,94.2%,case_002,2025-08-06,bowl_center,匹配case_002,75.49,64.42,-14.66%,+7.72%,第2天,2025-08-12,15
2025-07-28,6,301141,中科磁业,93.9%,case_002,2025-08-06,bowl_center,匹配case_002,67.89,66.27,-2.39%,+11.49%,第10天,2025-08-12,15
2025-07-28,7,603089,正裕工业,93.8%,case_002,2025-08-06,bowl_center,匹配case_002,14.13,16.31,+15.43%,+28.10%,第11天,2025-08-12,15
2025-07-28,8,300211,*ST亿通,93.7%,case_008,2025-07-10,bowl_center,匹配case_008,7.03,8.56,+21.76%,+30.16%,第15天,2025-08-12,15
2025-07-28,9,300827,上能电气,93.7%,case_004,2025-07-23,bowl_center,匹配case_004,23.21,24.24,+4.44%,+6.55%,第11天,2025-08-12,15
2025-07-28,10,601100,恒立液压,93.7%,case_008,2025-07-10,bowl_center,匹配case_008,74.79,76.73,+2.59%,+7.76%,第9天,2025-08-12,15
2025-07-29,1,601609,金田股份,96.1%,case_011,2025-11-12,bowl_center,匹配case_011,8.1,9.41,+16.17%,+16.17%,第15天,2025-08-13,15
2025-07-29,2,002315,焦点科技,95.5%,case_002,2025-08-06,bowl_center,匹配case_002,51.13,49.76,-2.68%,+11.23%,第6天,2025-08-13,15
2025-07-29,3,603013,亚普股份,95.1%,case_003,2025-06-20,bowl_center,匹配case_003,21.18,21.35,+0.80%,+6.33%,第9天,2025-08-13,15
2025-07-29,4,300044,ST赛为,94.8%,case_004,2025-07-23,bowl_center,匹配case_004,4.16,4.22,+1.44%,+4.81%,第9天,2025-08-13,15
2025-07-29,5,601100,恒立液压,94.7%,case_008,2025-07-10,bowl_center,匹配case_008,75.5,75.9,+0.53%,+6.74%,第8天,2025-08-13,15
2025-07-29,6,603863,松炀资源,94.5%,case_004,2025-07-23,bowl_center,匹配case_004,15.39,17.97,+16.76%,+27.62%,第9天,2025-08-13,15
2025-07-29,7,001208,华菱线缆,94.4%,case_011,2025-11-12,bowl_center,匹配case_011,12.05,13.0,+7.88%,+9.63%,第9天,2025-08-13,15
2025-07-29,8,000953,河化股份,94.0%,case_002,2025-08-06,bowl_center,匹配case_002,7.29,8.16,+11.93%,+19.89%,第9天,2025-08-13,15
2025-07-29,9,300738,奥飞数据,94.0%,case_002,2025-08-06,bowl_center,匹配case_002,21.23,21.13,-0.47%,+1.51%,第0天,2025-08-13,15
2025-07-29,10,301000,肇民科技,93.6%,case_006,2025-08-04,bowl_center,匹配case_006,43.98,46.92,+6.68%,+11.21%,第8天,2025-08-13,15
2025-07-30,1,603013,亚普股份,95.8%,case_003,2025-06-20,bowl_center,匹配case_003,20.73,21.26,+2.56%,+8.63%,第8天,2025-08-14,15
2025-07-30,2,002600,领益智造,95.5%,case_004,2025-07-23,bowl_center,匹配case_004,8.96,9.98,+11.38%,+14.17%,第13天,2025-08-14,15
2025-07-30,3,300100,双林股份,95.5%,case_006,2025-08-04,bowl_center,匹配case_006,44.18,46.77,+5.86%,+10.50%,第7天,2025-08-14,15
2025-07-30,4,600281,华阳新材,95.1%,case_002,2025-08-06,bowl_center,匹配case_002,7.03,6.68,-4.98%,+1.14%,第8天,2025-08-14,15
2025-07-30,5,601100,恒立液压,95.1%,case_008,2025-07-10,bowl_center,匹配case_008,74.9,75.36,+0.61%,+7.60%,第7天,2025-08-14,15
2025-07-30,6,301000,肇民科技,95.0%,case_006,2025-08-04,bowl_center,匹配case_006,43.36,45.75,+5.51%,+12.80%,第7天,2025-08-14,15
2025-07-30,7,002683,广东宏大,94.9%,case_003,2025-06-20,bowl_center,匹配case_003,35.882,33.762,-5.91%,+5.96%,第7天,2025-08-14,15
2025-07-30,8,600390,五矿资本,94.7%,case_004,2025-07-23,bowl_center,匹配case_004,6.114,6.074,-0.65%,+1.80%,第0天,2025-08-14,15
2025-07-30,9,000506,招金黄金,94.5%,case_002,2025-08-06,bowl_center,匹配case_002,10.24,9.99,-2.44%,+6.64%,第9天,2025-08-14,15
2025-07-30,10,301003,江苏博云,94.5%,case_004,2025-07-23,bowl_center,匹配case_004,31.88,33.8,+6.02%,+11.95%,第14天,2025-08-14,15
2025-07-31,1,301076,新瀚新材,100.0%,case_009,2025-08-01,bowl_center,匹配case_009,29.75,56.94,+91.39%,+98.18%,第15天,2025-08-15,15
2025-07-31,2,603308,应流股份,97.5%,case_008,2025-07-10,bowl_center,匹配case_008,26.2,28.37,+8.28%,+8.78%,第15天,2025-08-15,15
2025-07-31,3,002444,巨星科技,96.6%,case_004,2025-07-23,bowl_center,匹配case_004,30.86,36.25,+17.47%,+19.25%,第15天,2025-08-15,15
2025-07-31,4,300004,南风股份,96.3%,case_008,2025-07-10,bowl_center,匹配case_008,8.52,8.38,-1.64%,+3.99%,第5天,2025-08-15,15
2025-07-31,5,688069,德林海,95.7%,case_004,2025-07-23,bowl_center,匹配case_004,22.557,25.007,+10.86%,+14.98%,第11天,2025-08-15,15
2025-07-31,6,300018,中元股份,95.5%,case_008,2025-07-10,bowl_center,匹配case_008,8.25,8.48,+2.79%,+4.85%,第7天,2025-08-15,15
2025-07-31,7,600095,湘财股份,95.3%,case_004,2025-07-23,bowl_center,匹配case_004,10.88,11.78,+8.27%,+10.29%,第15天,2025-08-15,15
2025-07-31,8,300698,万马科技,95.2%,case_006,2025-08-04,bowl_center,匹配case_006,42.41,48.03,+13.25%,+17.66%,第13天,2025-08-15,15
2025-07-31,9,603013,亚普股份,94.9%,case_003,2025-06-20,bowl_center,匹配case_003,20.23,21.21,+4.84%,+11.32%,第7天,2025-08-15,15
2025-07-31,10,300066,三川智慧,94.8%,case_003,2025-06-20,bowl_center,匹配case_003,5.97,6.85,+14.74%,+31.66%,第11天,2025-08-15,15
2025-08-01,1,002074,国轩高科,100.0%,case_006,2025-08-04,bowl_center,匹配case_006,28.78,37.7,+30.99%,+73.14%,第42天,2026-03-20,15
2025-08-01,2,000758,中色股份,96.1%,case_008,2025-07-10,bowl_center,匹配case_008,5.91,6.51,+10.15%,+61.25%,第181天,2026-03-20,15
2025-08-01,3,688059,华锐精密,96.0%,case_003,2025-06-20,bowl_center,匹配case_003,54.23,109.91,+102.67%,+159.12%,第222天,2026-03-20,15
2025-08-01,4,600740,山西焦化,95.9%,case_008,2025-07-10,bowl_center,匹配case_008,3.93,4.5,+14.50%,+38.93%,第214天,2026-03-20,15
2025-08-01,5,301076,新瀚新材,95.8%,case_009,2025-08-01,bowl_center,匹配case_009,29.65,36.7,+23.78%,+123.88%,第47天,2026-03-20,15
2025-08-01,6,603308,应流股份,95.8%,case_003,2025-06-20,bowl_center,匹配case_003,25.82,60.19,+133.11%,+197.99%,第210天,2026-03-20,15
2025-08-01,7,600751,海航科技,95.7%,case_008,2025-07-10,bowl_center,匹配case_008,3.84,3.88,+1.04%,+38.02%,第102天,2026-03-20,15
2025-08-01,8,002990,盛视科技,95.3%,case_002,2025-08-06,bowl_center,匹配case_002,31.8,29.1,-8.49%,+6.04%,第24天,2026-03-20,15
2025-08-01,9,002842,翔鹭钨业,95.0%,case_008,2025-07-10,bowl_center,匹配case_008,8.96,31.7,+253.79%,+441.29%,第214天,2026-03-20,15
2025-08-01,10,000422,湖北宜化,94.6%,case_011,2025-11-12,bowl_center,匹配case_011,13.41,15.81,+17.90%,+50.63%,第227天,2026-03-20,15
2025-08-04,1,002229,鸿博股份,96.4%,case_002,2025-08-06,bowl_center,匹配case_002,18.41,19.93,+8.26%,+10.59%,第10天,2025-08-19,15
2025-08-04,2,600740,山西焦化,96.2%,case_008,2025-07-10,bowl_center,匹配case_008,3.94,3.98,+1.02%,+5.08%,第8天,2025-08-19,15
2025-08-04,3,002192,融捷股份,95.4%,case_008,2025-07-10,bowl_center,匹配case_008,34.8,36.23,+4.11%,+13.48%,第7天,2025-08-19,15
2025-08-04,4,600366,宁波韵升,95.3%,case_002,2025-08-06,bowl_center,匹配case_002,11.71,16.88,+44.15%,+57.56%,第14天,2025-08-19,15
2025-08-04,5,300803,指南针,95.2%,case_004,2025-07-23,bowl_center,匹配case_004,87.13,126.47,+45.15%,+51.22%,第14天,2025-08-19,15
2025-08-04,6,300291,百纳千成,95.1%,case_004,2025-07-23,bowl_center,匹配case_004,6.18,6.78,+9.71%,+19.09%,第14天,2025-08-19,15
2025-08-04,7,000758,中色股份,94.6%,case_008,2025-07-10,bowl_center,匹配case_008,5.89,6.21,+5.43%,+6.96%,第14天,2025-08-19,15
2025-08-04,8,301225,恒勃股份,94.6%,case_002,2025-08-06,bowl_center,匹配case_002,80.08,83.87,+4.73%,+11.70%,第15天,2025-08-19,15
2025-08-04,9,603399,永杉锂业,94.5%,case_009,2025-08-01,bowl_center,匹配case_009,10.0,10.69,+6.90%,+13.40%,第7天,2025-08-19,15
2025-08-04,10,600596,新安股份,94.4%,case_011,2025-11-12,bowl_center,匹配case_011,9.87,10.28,+4.15%,+4.46%,第15天,2025-08-19,15
2025-08-05,1,600366,宁波韵升,100.0%,case_002,2025-08-06,bowl_center,匹配case_002,11.76,16.61,+41.24%,+56.89%,第13天,2025-08-20,15
2025-08-05,2,000617,中油资本,95.0%,case_002,2025-08-06,bowl_center,匹配case_002,8.435,9.825,+16.48%,+21.81%,第15天,2025-08-20,15
2025-08-05,3,300757,罗博特科,94.3%,case_004,2025-07-23,bowl_center,匹配case_004,171.945,201.535,+17.21%,+23.27%,第13天,2025-08-20,15
2025-08-05,4,688319,欧林生物,94.1%,case_009,2025-08-01,bowl_center,匹配case_009,20.98,33.11,+57.82%,+61.34%,第15天,2025-08-20,15
2025-08-05,5,002852,道道全,93.9%,case_004,2025-07-23,bowl_center,匹配case_004,11.254,11.814,+4.98%,+12.80%,第6天,2025-08-20,15
2025-08-05,6,600031,三一重工,93.9%,case_008,2025-07-10,bowl_center,匹配case_008,19.332,20.542,+6.26%,+8.38%,第3天,2025-08-20,15
2025-08-05,7,300291,百纳千成,93.9%,case_004,2025-07-23,bowl_center,匹配case_004,6.17,6.63,+7.46%,+19.29%,第13天,2025-08-20,15
2025-08-05,8,603496,恒为科技,93.9%,case_011,2025-11-12,bowl_center,匹配case_011,28.145,31.045,+10.30%,+17.16%,第14天,2025-08-20,15
2025-08-05,9,600537,亿晶光电,93.7%,case_002,2025-08-06,bowl_center,匹配case_002,3.72,3.98,+6.99%,+13.44%,第15天,2025-08-20,15
2025-08-05,10,001359,平安电工,93.6%,case_002,2025-08-06,bowl_center,匹配case_002,49.43,50.15,+1.46%,+13.66%,第13天,2025-08-20,15
2025-08-06,1,301331,恩威医药,95.1%,case_004,2025-07-23,bowl_center,匹配case_004,35.894,35.674,-0.61%,+4.15%,第6天,2025-08-21,15
2025-08-06,2,300811,铂科新材,95.1%,case_008,2025-07-10,bowl_center,匹配case_008,55.7,68.45,+22.89%,+39.95%,第12天,2025-08-21,15
2025-08-06,3,000717,中南股份,94.9%,case_004,2025-07-23,bowl_center,匹配case_004,2.97,2.86,-3.70%,+2.02%,第0天,2025-08-21,15
2025-08-06,4,688382,益方生物-U,94.7%,case_002,2025-08-06,bowl_center,匹配case_002,43.2,41.25,-4.51%,+3.50%,第0天,2025-08-21,15
2025-08-06,5,000513,丽珠集团,94.5%,case_004,2025-07-23,bowl_center,匹配case_004,40.66,41.29,+1.55%,+3.44%,第15天,2025-08-21,15
2025-08-06,6,002629,仁智股份,94.1%,case_004,2025-07-23,bowl_center,匹配case_004,7.53,7.17,-4.78%,+5.58%,第2天,2025-08-21,15
2025-08-06,7,601005,重庆钢铁,93.9%,case_004,2025-07-23,bowl_center,匹配case_004,1.54,1.51,-1.95%,+2.60%,第5天,2025-08-21,15
2025-08-06,8,002916,深南电路,93.7%,case_002,2025-08-06,bowl_center,匹配case_002,134.84,141.58,+5.00%,+14.90%,第8天,2025-08-21,15
2025-08-06,9,002320,海峡股份,93.6%,case_008,2025-07-10,bowl_center,匹配case_008,7.69,8.36,+8.71%,+12.35%,第13天,2025-08-21,15
2025-08-06,10,600366,宁波韵升,93.5%,case_002,2025-08-06,bowl_center,匹配case_002,11.97,16.49,+37.76%,+54.14%,第12天,2025-08-21,15
2025-08-07,1,688158,优刻得-W,96.2%,case_004,2025-07-23,bowl_center,匹配case_004,25.38,28.26,+11.35%,+12.69%,第15天,2025-08-22,15
2025-08-07,2,000717,中南股份,96.2%,case_004,2025-07-23,bowl_center,匹配case_004,2.94,2.84,-3.40%,+2.38%,第4天,2025-08-22,15
2025-08-07,3,600438,通威股份,96.1%,case_004,2025-07-23,bowl_center,匹配case_004,20.14,21.03,+4.42%,+5.76%,第13天,2025-08-22,15
2025-08-07,4,688307,中润光学,95.9%,case_004,2025-07-23,bowl_center,匹配case_004,37.66,36.26,-3.72%,+5.28%,第6天,2025-08-22,15
2025-08-07,5,002916,深南电路,95.9%,case_002,2025-08-06,bowl_center,匹配case_002,134.49,149.92,+11.47%,+15.20%,第7天,2025-08-22,15
2025-08-07,6,002459,晶澳科技,95.5%,case_004,2025-07-23,bowl_center,匹配case_004,11.03,12.27,+11.24%,+12.06%,第13天,2025-08-22,15
2025-08-07,7,600866,星湖科技,95.4%,case_004,2025-07-23,bowl_center,匹配case_004,7.93,8.16,+2.90%,+5.80%,第15天,2025-08-22,15
2025-08-07,8,601208,东材科技,95.3%,case_002,2025-08-06,bowl_center,匹配case_002,16.04,19.05,+18.77%,+27.00%,第11天,2025-08-22,15
2025-08-07,9,600379,宝光股份,95.1%,case_004,2025-07-23,bowl_center,匹配case_004,13.126,12.596,-4.04%,+3.96%,第4天,2025-08-22,15
2025-08-07,10,600602,云赛智联,95.0%,case_004,2025-07-23,bowl_center,匹配case_004,22.23,23.54,+5.89%,+7.60%,第15天,2025-08-22,15
2025-08-08,1,300811,铂科新材,97.5%,case_003,2025-06-20,bowl_center,匹配case_003,54.79,78.22,+42.76%,+70.47%,第214天,2026-03-20,15
2025-08-08,2,600183,生益科技,96.8%,case_002,2025-08-06,bowl_center,匹配case_002,39.42,60.22,+52.77%,+92.29%,第153天,2026-03-20,15
2025-08-08,3,601208,东材科技,96.2%,case_002,2025-08-06,bowl_center,匹配case_002,16.13,30.76,+90.70%,+126.22%,第206天,2026-03-20,15
2025-08-08,4,688238,和元生物,95.7%,case_004,2025-07-23,bowl_center,匹配case_004,7.65,6.89,-9.93%,+20.26%,第11天,2026-03-20,15
2025-08-08,5,688658,悦康药业,95.6%,case_002,2025-08-06,bowl_center,匹配case_002,31.04,17.9,-42.33%,+14.59%,第11天,2026-03-20,15
2025-08-08,6,300291,百纳千成,95.2%,case_004,2025-07-23,bowl_center,匹配case_004,6.1,6.93,+13.61%,+86.23%,第158天,2026-03-20,15
2025-08-08,7,300803,指南针,95.1%,case_004,2025-07-23,bowl_center,匹配case_004,87.12,101.4,+16.39%,+105.38%,第40天,2026-03-20,15
2025-08-08,8,002826,易明医药,94.8%,case_003,2025-06-20,bowl_center,匹配case_003,20.74,19.54,-5.79%,+29.36%,第12天,2026-03-20,15
2025-08-08,9,000717,中南股份,94.7%,case_004,2025-07-23,bowl_center,匹配case_004,2.96,2.54,-14.19%,+1.69%,第3天,2026-03-20,15
2025-08-08,10,600379,宝光股份,94.6%,case_002,2025-08-06,bowl_center,匹配case_002,13.146,11.4,-13.28%,+9.16%,第90天,2026-03-20,15
2025-08-11,1,688316,青云科技-U,95.1%,case_002,2025-08-06,bowl_center,匹配case_002,76.55,80.2,+4.77%,+12.32%,第14天,2025-08-26,15
2025-08-11,2,600602,云赛智联,94.5%,case_002,2025-08-06,bowl_center,匹配case_002,21.8,23.66,+8.53%,+12.02%,第14天,2025-08-26,15
2025-08-11,3,688076,ST诺泰,94.4%,case_002,2025-08-06,bowl_center,匹配case_002,46.61,42.79,-8.20%,+1.80%,第7天,2025-08-26,15
2025-08-11,4,603171,税友股份,94.4%,case_004,2025-07-23,bowl_center,匹配case_004,49.21,58.57,+19.02%,+33.10%,第14天,2025-08-26,15
2025-08-11,5,300940,南极光,94.3%,case_002,2025-08-06,bowl_center,匹配case_002,27.6,30.21,+9.46%,+17.57%,第10天,2025-08-26,15
2025-08-11,6,600418,江淮汽车,94.2%,case_002,2025-08-06,bowl_center,匹配case_002,47.59,53.38,+12.17%,+15.57%,第15天,2025-08-26,15
2025-08-11,7,002629,仁智股份,94.1%,case_004,2025-07-23,bowl_center,匹配case_004,7.55,7.21,-4.50%,+3.71%,第0天,2025-08-26,15
2025-08-11,8,688222,成都先导,93.9%,case_002,2025-08-06,bowl_center,匹配case_002,22.94,22.98,+0.17%,+5.49%,第14天,2025-08-26,15
2025-08-11,9,002362,汉王科技,93.8%,case_011,2025-11-12,bowl_center,匹配case_011,25.39,25.96,+2.24%,+3.82%,第14天,2025-08-26,15
2025-08-11,10,688160,步科股份,93.6%,case_004,2025-07-23,bowl_center,匹配case_004,93.76,93.88,+0.13%,+6.63%,第14天,2025-08-26,15
2025-08-12,1,002599,盛通股份,95.3%,case_004,2025-07-23,bowl_center,匹配case_004,9.12,9.12,+0.00%,+6.14%,第7天,2025-08-27,15
2025-08-12,2,002362,汉王科技,94.8%,case_011,2025-11-12,bowl_center,匹配case_011,25.16,25.17,+0.04%,+5.64%,第15天,2025-08-27,15
2025-08-12,3,688519,南亚新材,94.7%,case_001,2025-05-12,bowl_center,匹配case_001,44.4,68.68,+54.68%,+84.68%,第14天,2025-08-27,15
2025-08-12,4,301237,和顺科技,94.6%,case_002,2025-08-06,bowl_center,匹配case_002,38.84,37.5,-3.45%,+7.62%,第9天,2025-08-27,15
2025-08-12,5,603918,金桥信息,94.5%,case_006,2025-08-04,bowl_center,匹配case_006,19.75,19.87,+0.61%,+7.19%,第15天,2025-08-27,15
2025-08-12,6,002527,新时达,94.4%,case_004,2025-07-23,bowl_center,匹配case_004,16.85,16.78,-0.42%,+7.42%,第7天,2025-08-27,15
2025-08-12,7,002422,科伦药业,94.4%,case_004,2025-07-23,bowl_center,匹配case_004,36.295,36.775,+1.32%,+7.69%,第14天,2025-08-27,15
2025-08-12,8,688368,晶丰明源,94.4%,case_011,2025-11-12,bowl_center,匹配case_011,90.72,104.02,+14.66%,+23.46%,第15天,2025-08-27,15
2025-08-12,9,603171,税友股份,94.2%,case_004,2025-07-23,bowl_center,匹配case_004,48.67,59.1,+21.43%,+34.58%,第13天,2025-08-27,15
2025-08-12,10,002757,南兴股份,94.1%,case_008,2025-07-10,bowl_center,匹配case_008,20.29,20.62,+1.63%,+10.20%,第15天,2025-08-27,15
2025-08-13,1,605158,华达新材,97.1%,case_004,2025-07-23,bowl_center,匹配case_004,9.27,9.0,-2.91%,+1.73%,第0天,2025-08-28,15
2025-08-13,2,300414,中光防雷,95.0%,case_002,2025-08-06,bowl_center,匹配case_002,14.53,13.61,-6.33%,+3.10%,第0天,2025-08-28,15
2025-08-13,3,002480,新筑股份,94.5%,case_004,2025-07-23,bowl_center,匹配case_004,7.19,6.95,-3.34%,+4.03%,第12天,2025-08-28,15
2025-08-13,4,300871,回盛生物,94.4%,case_008,2025-07-10,bowl_center,匹配case_008,22.51,22.82,+1.38%,+10.57%,第5天,2025-08-28,15
2025-08-13,5,300205,*ST天喻,94.3%,case_008,2025-07-10,bowl_center,匹配case_008,5.25,4.93,-6.10%,+3.43%,第5天,2025-08-28,15
2025-08-13,6,603976,正川股份,94.1%,case_008,2025-07-10,bowl_center,匹配case_008,22.11,20.99,-5.07%,+5.74%,第9天,2025-08-28,15
2025-08-13,7,600346,恒力石化,94.1%,case_004,2025-07-23,bowl_center,匹配case_004,15.0,17.56,+17.07%,+19.13%,第13天,2025-08-28,15
2025-08-13,8,300930,屹通新材,94.0%,case_002,2025-08-06,bowl_center,匹配case_002,34.61,31.33,-9.48%,+0.40%,第0天,2025-08-28,15
2025-08-13,9,002755,奥赛康,94.0%,case_002,2025-08-06,bowl_center,匹配case_002,26.46,23.65,-10.62%,+3.14%,第1天,2025-08-28,15
2025-08-13,10,002599,盛通股份,93.8%,case_004,2025-07-23,bowl_center,匹配case_004,9.07,9.15,+0.88%,+6.73%,第6天,2025-08-28,15
2025-08-14,1,603976,正川股份,97.1%,case_003,2025-06-20,bowl_center,匹配case_003,21.38,20.79,-2.76%,+9.35%,第8天,2025-08-29,15
2025-08-14,2,002757,南兴股份,96.6%,case_003,2025-06-20,bowl_center,匹配case_003,19.71,19.54,-0.86%,+13.44%,第13天,2025-08-29,15
2025-08-14,3,300549,优德精密,96.5%,case_003,2025-06-20,bowl_center,匹配case_003,20.54,19.5,-5.06%,+6.38%,第5天,2025-08-29,15
2025-08-14,4,688638,誉辰智能,96.2%,case_004,2025-07-23,bowl_center,匹配case_004,39.0,38.98,-0.05%,+11.36%,第14天,2025-08-29,15
2025-08-14,5,002225,濮耐股份,95.9%,case_004,2025-07-23,bowl_center,匹配case_004,7.01,6.2,-11.55%,+9.99%,第1天,2025-08-29,15
2025-08-14,6,002570,贝因美,95.5%,case_003,2025-06-20,bowl_center,匹配case_003,7.06,7.18,+1.70%,+10.76%,第6天,2025-08-29,15
2025-08-14,7,300871,回盛生物,95.2%,case_003,2025-06-20,bowl_center,匹配case_003,21.86,22.71,+3.89%,+13.86%,第4天,2025-08-29,15
2025-08-14,8,002592,ST八菱,94.9%,case_004,2025-07-23,bowl_center,匹配case_004,6.91,6.69,-3.18%,+7.09%,第4天,2025-08-29,15
2025-08-14,9,300588,熙菱信息,94.7%,case_009,2025-08-01,bowl_center,匹配case_009,18.95,19.1,+0.79%,+20.32%,第5天,2025-08-29,15
2025-08-14,10,002599,盛通股份,94.6%,case_004,2025-07-23,bowl_center,匹配case_004,8.9,8.99,+1.01%,+8.76%,第5天,2025-08-29,15
2025-08-15,1,002012,凯恩股份,95.2%,case_011,2025-11-12,bowl_center,匹配case_011,6.13,6.75,+10.11%,+25.12%,第180天,2026-03-20,15
2025-08-15,2,002178,延华智能,95.2%,case_002,2025-08-06,bowl_center,匹配case_002,7.19,6.21,-13.63%,+11.13%,第104天,2026-03-20,15
2025-08-15,3,688420,美腾科技,95.0%,case_004,2025-07-23,bowl_center,匹配case_004,26.61,24.57,-7.67%,+5.98%,第10天,2026-03-20,15
2025-08-15,4,688222,成都先导,95.0%,case_002,2025-08-06,bowl_center,匹配case_002,22.46,24.35,+8.41%,+91.36%,第152天,2026-03-20,15
2025-08-15,5,300705,九典制药,94.8%,case_002,2025-08-06,bowl_center,匹配case_002,17.64,14.15,-19.78%,+17.12%,第6天,2026-03-20,15
2025-08-15,6,688307,中润光学,94.5%,case_002,2025-08-06,bowl_center,匹配case_002,36.41,65.96,+81.16%,+99.40%,第217天,2026-03-20,15
2025-08-15,7,300581,晨曦航空,94.1%,case_002,2025-08-06,bowl_center,匹配case_002,22.38,12.88,-42.45%,+12.15%,第5天,2026-03-20,15
2025-08-15,8,605158,华达新材,94.1%,case_002,2025-08-06,bowl_center,匹配case_002,9.08,7.5,-17.40%,+6.83%,第28天,2026-03-20,15
2025-08-15,9,300142,沃森生物,94.0%,case_002,2025-08-06,bowl_center,匹配case_002,12.82,12.51,-2.42%,+14.27%,第164天,2026-03-20,15
2025-08-15,10,688708,佳驰科技,93.9%,case_002,2025-08-06,bowl_center,匹配case_002,75.43,51.8,-31.33%,+13.69%,第17天,2026-03-20,15
2025-08-18,1,603681,永冠新材,95.6%,case_004,2025-07-23,bowl_center,匹配case_004,15.98,15.4,-3.63%,+11.45%,第2天,2025-09-02,15
2025-08-18,2,603109,神驰机电,95.2%,case_004,2025-07-23,bowl_center,匹配case_004,36.12,32.24,-10.74%,+2.80%,第0天,2025-09-02,15
2025-08-18,3,600188,兖矿能源,95.2%,case_004,2025-07-23,bowl_center,匹配case_004,12.75,12.81,+0.47%,+4.16%,第7天,2025-09-02,15
2025-08-18,4,688237,超卓航科,94.5%,case_002,2025-08-06,bowl_center,匹配case_002,33.19,44.31,+33.50%,+41.61%,第14天,2025-09-02,15
2025-08-18,5,600231,凌钢股份,94.4%,case_004,2025-07-23,bowl_center,匹配case_004,2.08,2.05,-1.44%,+5.29%,第7天,2025-09-02,15
2025-08-18,6,601699,潞安环能,94.2%,case_004,2025-07-23,bowl_center,匹配case_004,13.7,13.02,-4.96%,+2.99%,第7天,2025-09-02,15
2025-08-18,7,000547,航天发展,94.1%,case_011,2025-11-12,bowl_center,匹配case_011,8.66,8.45,-2.42%,+4.85%,第7天,2025-09-02,15
2025-08-18,8,002012,凯恩股份,94.1%,case_008,2025-07-10,bowl_center,匹配case_008,6.08,5.68,-6.58%,+4.44%,第3天,2025-09-02,15
2025-08-18,9,300696,爱乐达,94.0%,case_008,2025-07-10,bowl_center,匹配case_008,29.73,28.51,-4.10%,+2.83%,第3天,2025-09-02,15
2025-08-18,10,300056,中创环保,93.7%,case_004,2025-07-23,bowl_center,匹配case_004,14.74,14.71,-0.20%,+13.64%,第9天,2025-09-02,15
2025-08-19,1,603109,神驰机电,97.2%,case_002,2025-08-06,bowl_center,匹配case_002,36.08,31.71,-12.11%,+2.47%,第0天,2025-09-03,15
2025-08-19,2,002012,凯恩股份,95.4%,case_008,2025-07-10,bowl_center,匹配case_008,6.08,5.56,-8.55%,+4.44%,第2天,2025-09-03,15
2025-08-19,3,600676,交运股份,95.0%,case_002,2025-08-06,bowl_center,匹配case_002,5.87,5.72,-2.56%,+5.79%,第9天,2025-09-03,15
2025-08-19,4,000547,航天发展,94.9%,case_011,2025-11-12,bowl_center,匹配case_011,8.6,7.95,-7.56%,+5.58%,第6天,2025-09-03,15
2025-08-19,5,600348,华阳股份,94.7%,case_004,2025-07-23,bowl_center,匹配case_004,7.27,6.85,-5.78%,+1.93%,第2天,2025-09-03,15
2025-08-19,6,688026,洁特生物,94.7%,case_002,2025-08-06,bowl_center,匹配case_002,19.87,18.78,-5.49%,+3.77%,第0天,2025-09-03,15
2025-08-19,7,003043,华亚智能,94.4%,case_004,2025-07-23,bowl_center,匹配case_004,44.89,49.31,+9.85%,+16.51%,第14天,2025-09-03,15
2025-08-19,8,300789,唐源电气,94.2%,case_004,2025-07-23,bowl_center,匹配case_004,31.0,28.77,-7.19%,+5.68%,第2天,2025-09-03,15
2025-08-19,9,605389,长龄液压,94.1%,case_004,2025-07-23,bowl_center,匹配case_004,43.23,45.06,+4.23%,+11.22%,第13天,2025-09-03,15
2025-08-19,10,600129,太极集团,94.0%,case_002,2025-08-06,bowl_center,匹配case_002,23.35,22.11,-5.31%,+3.04%,第0天,2025-09-03,15
2025-08-20,1,603109,神驰机电,96.8%,case_002,2025-08-06,bowl_center,匹配case_002,35.96,30.51,-15.16%,+1.42%,第0天,2025-09-04,15
2025-08-20,2,688026,洁特生物,96.1%,case_002,2025-08-06,bowl_center,匹配case_002,19.95,18.65,-6.52%,+1.20%,第12天,2025-09-04,15
2025-08-20,3,000547,航天发展,95.3%,case_008,2025-07-10,bowl_center,匹配case_008,8.64,7.88,-8.80%,+5.09%,第5天,2025-09-04,15
2025-08-20,4,605189,富春染织,95.1%,case_004,2025-07-23,bowl_center,匹配case_004,16.24,14.13,-12.99%,+3.33%,第0天,2025-09-04,15
2025-08-20,5,600351,亚宝药业,94.1%,case_004,2025-07-23,bowl_center,匹配case_004,7.16,6.75,-5.73%,+2.65%,第1天,2025-09-04,15
2025-08-20,6,600977,中国电影,94.1%,case_002,2025-08-06,bowl_center,匹配case_002,12.83,13.65,+6.39%,+19.25%,第12天,2025-09-04,15
2025-08-20,7,300093,*ST金刚,93.8%,case_002,2025-08-06,bowl_center,匹配case_002,11.95,12.461,+4.28%,+12.09%,第14天,2025-09-04,15
2025-08-20,8,600288,大恒科技,93.6%,case_002,2025-08-06,bowl_center,匹配case_002,12.8,12.01,-6.17%,+3.91%,第5天,2025-09-04,15
2025-08-20,9,301188,力诺药包,93.5%,case_001,2025-05-12,bowl_center,匹配case_001,21.18,18.25,-13.83%,+1.27%,第0天,2025-09-04,15
2025-08-20,10,301600,慧翰股份,93.4%,case_002,2025-08-06,bowl_center,匹配case_002,113.62,114.09,+0.41%,+15.53%,第5天,2025-09-04,15
2025-08-21,1,000547,航天发展,97.0%,case_008,2025-07-10,bowl_center,匹配case_008,8.62,7.96,-7.66%,+5.34%,第4天,2025-09-05,15
2025-08-21,2,300009,安科生物,95.9%,case_004,2025-07-23,bowl_center,匹配case_004,11.62,11.14,-4.13%,+6.37%,第5天,2025-09-05,15
2025-08-21,3,688345,博力威,95.3%,case_004,2025-07-23,bowl_center,匹配case_004,28.93,34.52,+19.32%,+22.50%,第15天,2025-09-05,15
2025-08-21,4,002921,联诚精密,95.3%,case_003,2025-06-20,bowl_center,匹配case_003,16.78,16.15,-3.75%,+5.01%,第0天,2025-09-05,15
2025-08-21,5,600343,航天动力,94.9%,case_002,2025-08-06,bowl_center,匹配case_002,14.85,13.4,-9.76%,+6.06%,第5天,2025-09-05,15
2025-08-21,6,688026,洁特生物,94.4%,case_002,2025-08-06,bowl_center,匹配case_002,19.86,19.2,-3.32%,+1.66%,第11天,2025-09-05,15
2025-08-21,7,688385,复旦微电,94.4%,case_004,2025-07-23,bowl_center,匹配case_004,50.52,54.78,+8.43%,+32.30%,第7天,2025-09-05,15
2025-08-21,8,603259,药明康德,94.3%,case_002,2025-08-06,bowl_center,匹配case_002,91.35,107.05,+17.19%,+26.37%,第12天,2025-09-05,15
2025-08-21,9,603776,永安行,94.2%,case_004,2025-07-23,bowl_center,匹配case_004,22.19,20.74,-6.53%,+3.38%,第0天,2025-09-05,15
2025-08-21,10,002240,盛新锂能,94.0%,case_004,2025-07-23,bowl_center,匹配case_004,17.48,18.57,+6.24%,+6.75%,第15天,2025-09-05,15
2025-08-22,1,300821,东岳硅材,95.5%,case_002,2025-08-06,bowl_center,匹配case_002,10.39,11.72,+12.80%,+63.52%,第89天,2026-03-20,15
2025-08-22,2,300009,安科生物,95.1%,case_004,2025-07-23,bowl_center,匹配case_004,11.59,9.2,-20.62%,+6.64%,第4天,2026-03-20,15
2025-08-22,3,002205,国统股份,95.0%,case_002,2025-08-06,bowl_center,匹配case_002,14.46,12.83,-11.27%,+30.98%,第91天,2026-03-20,15
2025-08-22,4,300648,星云股份,94.9%,case_002,2025-08-06,bowl_center,匹配case_002,55.61,54.01,-2.88%,+16.89%,第188天,2026-03-20,15
2025-08-22,5,301505,苏州规划,94.9%,case_008,2025-07-10,bowl_center,匹配case_008,24.1,22.75,-5.60%,+24.90%,第157天,2026-03-20,15
2025-08-22,6,002913,奥士康,94.8%,case_002,2025-08-06,bowl_center,匹配case_002,38.28,48.25,+26.04%,+42.37%,第200天,2026-03-20,15
2025-08-22,7,300600,国瑞科技,94.8%,case_002,2025-08-06,bowl_center,匹配case_002,20.5,12.3,-40.00%,+2.93%,第0天,2026-03-20,15
2025-08-22,8,300500,启迪设计,94.8%,case_002,2025-08-06,bowl_center,匹配case_002,14.67,11.43,-22.09%,+24.06%,第98天,2026-03-20,15
2025-08-22,9,002225,濮耐股份,94.5%,case_002,2025-08-06,bowl_center,匹配case_002,7.01,5.23,-25.39%,+2.85%,第0天,2026-03-20,15
2025-08-22,10,603109,神驰机电,94.5%,case_002,2025-08-06,bowl_center,匹配case_002,35.0,23.02,-34.23%,+2.00%,第3天,2026-03-20,15
2025-08-25,1,600211,西藏药业,95.0%,case_002,2025-08-06,bowl_center,匹配case_002,45.319,55.62,+22.73%,+26.59%,第15天,2025-09-09,15
2025-08-25,2,603283,赛腾股份,94.7%,case_002,2025-08-06,bowl_center,匹配case_002,41.05,42.35,+3.17%,+8.62%,第9天,2025-09-09,15
2025-08-25,3,300600,国瑞科技,94.4%,case_002,2025-08-06,bowl_center,匹配case_002,20.48,17.53,-14.40%,+0.59%,第0天,2025-09-09,15
2025-08-25,4,688026,洁特生物,94.4%,case_002,2025-08-06,bowl_center,匹配case_002,19.56,19.37,-0.97%,+3.22%,第7天,2025-09-09,15
2025-08-25,5,301126,达嘉维康,94.3%,case_002,2025-08-06,bowl_center,匹配case_002,12.588,11.818,-6.12%,+1.19%,第0天,2025-09-09,15
2025-08-25,6,300549,优德精密,94.2%,case_004,2025-07-23,bowl_center,匹配case_004,20.62,19.75,-4.22%,+2.04%,第0天,2025-09-09,15
2025-08-25,7,300816,艾可蓝,94.2%,case_011,2025-11-12,bowl_center,匹配case_011,39.105,38.175,-2.38%,+6.62%,第1天,2025-09-09,15
2025-08-25,8,603109,神驰机电,94.1%,case_002,2025-08-06,bowl_center,匹配case_002,35.25,31.45,-10.78%,+1.28%,第0天,2025-09-09,15
2025-08-25,9,688171,纬德信息,94.1%,case_004,2025-07-23,bowl_center,匹配case_004,43.0,48.08,+11.81%,+16.05%,第10天,2025-09-09,15
2025-08-25,10,000669,ST金鸿,93.8%,case_004,2025-07-23,bowl_center,匹配case_004,3.27,3.15,-3.67%,+2.45%,第8天,2025-09-09,15
2025-08-26,1,688580,伟思医疗,96.2%,case_004,2025-07-23,bowl_center,匹配case_004,54.9,51.15,-6.83%,+3.02%,第0天,2025-09-10,15
2025-08-26,2,300351,永贵电器,95.4%,case_011,2025-11-12,bowl_center,匹配case_011,18.62,17.16,-7.84%,+1.72%,第0天,2025-09-10,15
2025-08-26,3,002923,润都股份,95.3%,case_004,2025-07-23,bowl_center,匹配case_004,14.4,13.79,-4.24%,+1.11%,第0天,2025-09-10,15
2025-08-26,4,000669,ST金鸿,94.8%,case_002,2025-08-06,bowl_center,匹配case_002,3.26,3.09,-5.21%,+2.76%,第7天,2025-09-10,15
2025-08-26,5,601002,晋亿实业,94.6%,case_011,2025-11-12,bowl_center,匹配case_011,5.67,5.38,-5.11%,+1.76%,第0天,2025-09-10,15
2025-08-26,6,002915,中欣氟材,94.3%,case_003,2025-06-20,bowl_center,匹配case_003,27.41,29.01,+5.84%,+10.73%,第14天,2025-09-10,15
2025-08-26,7,301126,达嘉维康,94.3%,case_002,2025-08-06,bowl_center,匹配case_002,12.588,11.898,-5.48%,+0.79%,第0天,2025-09-10,15
2025-08-26,8,603611,诺力股份,94.3%,case_004,2025-07-23,bowl_center,匹配case_004,27.01,24.19,-10.44%,+2.70%,第1天,2025-09-10,15
2025-08-26,9,003040,楚天龙,94.3%,case_001,2025-05-12,bowl_center,匹配case_001,25.55,23.18,-9.28%,+4.03%,第0天,2025-09-10,15
2025-08-26,10,301258,富士莱,94.2%,case_004,2025-07-23,bowl_center,匹配case_004,36.48,34.62,-5.10%,+1.32%,第0天,2025-09-10,15
2025-08-27,1,300671,富满微,97.4%,case_003,2025-06-20,bowl_center,匹配case_003,39.3,37.59,-4.35%,+6.26%,第0天,2025-09-11,15
2025-08-27,2,002886,沃特股份,96.5%,case_004,2025-07-23,bowl_center,匹配case_004,21.11,23.57,+11.65%,+14.83%,第13天,2025-09-11,15
2025-08-27,3,300453,三鑫医疗,95.9%,case_003,2025-06-20,bowl_center,匹配case_003,9.68,9.8,+1.24%,+5.48%,第12天,2025-09-11,15
2025-08-27,4,603912,佳力图,95.8%,case_003,2025-06-20,bowl_center,匹配case_003,10.24,9.86,-3.71%,+5.57%,第0天,2025-09-11,15
2025-08-27,5,300314,戴维医疗,95.8%,case_004,2025-07-23,bowl_center,匹配case_004,14.8,14.87,+0.47%,+5.61%,第0天,2025-09-11,15
2025-08-27,6,605228,神通科技,95.6%,case_003,2025-06-20,bowl_center,匹配case_003,16.474,17.204,+4.43%,+5.46%,第13天,2025-09-11,15
2025-08-27,7,002365,永安药业,95.6%,case_006,2025-08-04,bowl_center,匹配case_006,19.34,18.37,-5.02%,+3.05%,第0天,2025-09-11,15
2025-08-27,8,300398,飞凯材料,95.2%,case_003,2025-06-20,bowl_center,匹配case_003,22.54,22.68,+0.62%,+10.65%,第2天,2025-09-11,15
2025-08-27,9,000533,顺钠股份,95.2%,case_004,2025-07-23,bowl_center,匹配case_004,7.47,7.28,-2.54%,+6.16%,第0天,2025-09-11,15
2025-08-27,10,300942,易瑞生物,95.0%,case_004,2025-07-23,bowl_center,匹配case_004,12.56,11.21,-10.75%,+12.66%,第7天,2025-09-11,15
2025-08-28,1,000533,顺钠股份,95.5%,case_004,2025-07-23,bowl_center,匹配case_004,7.47,7.17,-4.02%,+1.47%,第0天,2025-09-12,15
2025-08-28,2,002886,沃特股份,95.5%,case_004,2025-07-23,bowl_center,匹配case_004,21.2,23.2,+9.43%,+14.34%,第12天,2025-09-12,15
2025-08-28,3,688539,高华科技,95.3%,case_002,2025-08-06,bowl_center,匹配case_002,32.82,32.5,-0.98%,+11.24%,第4天,2025-09-12,15
2025-08-28,4,002779,中坚科技,95.0%,case_002,2025-08-06,bowl_center,匹配case_002,101.82,128.09,+25.80%,+31.11%,第15天,2025-09-12,15
2025-08-28,5,300247,融捷健康,94.9%,case_002,2025-08-06,bowl_center,匹配case_002,4.59,4.34,-5.45%,+1.96%,第0天,2025-09-12,15
2025-08-28,6,688290,景业智能,94.8%,case_002,2025-08-06,bowl_center,匹配case_002,56.44,61.17,+8.38%,+13.63%,第13天,2025-09-12,15
2025-08-28,7,300314,戴维医疗,94.7%,case_004,2025-07-23,bowl_center,匹配case_004,14.8,14.94,+0.95%,+2.97%,第4天,2025-09-12,15
2025-08-28,8,300637,扬帆新材,94.2%,case_008,2025-07-10,bowl_center,匹配case_008,14.75,13.74,-6.85%,+1.63%,第0天,2025-09-12,15
2025-08-28,9,300199,翰宇药业,94.1%,case_002,2025-08-06,bowl_center,匹配case_002,26.04,25.16,-3.38%,+8.49%,第5天,2025-09-12,15
2025-08-28,10,002653,海思科,94.0%,case_004,2025-07-23,bowl_center,匹配case_004,55.49,58.08,+4.67%,+7.93%,第15天,2025-09-12,15
2025-08-29,1,300992,泰福泵业,95.6%,case_003,2025-06-20,bowl_center,匹配case_003,28.86,32.87,+13.89%,+22.21%,第143天,2026-03-20,15
2025-08-29,2,600458,时代新材,95.5%,case_011,2025-11-12,bowl_center,匹配case_011,14.43,13.73,-4.85%,+17.19%,第45天,2026-03-20,15
2025-08-29,3,688539,高华科技,95.5%,case_002,2025-08-06,bowl_center,匹配case_002,32.68,36.51,+11.72%,+79.96%,第136天,2026-03-20,15
2025-08-29,4,002779,中坚科技,95.2%,case_002,2025-08-06,bowl_center,匹配case_002,101.85,87.86,-13.74%,+43.35%,第19天,2026-03-20,15
2025-08-29,5,002885,京泉华,95.1%,case_004,2025-07-23,bowl_center,匹配case_004,15.65,25.14,+60.64%,+138.72%,第70天,2026-03-20,15
2025-08-29,6,000501,武商集团,95.0%,case_001,2025-05-12,bowl_center,匹配case_001,10.643,8.57,-19.48%,+7.14%,第14天,2026-03-20,15
2025-08-29,7,300247,融捷健康,94.8%,case_004,2025-07-23,bowl_center,匹配case_004,4.53,4.5,-0.66%,+32.01%,第77天,2026-03-20,15
2025-08-29,8,001268,联合精密,94.6%,case_004,2025-07-23,bowl_center,匹配case_004,35.01,30.92,-11.68%,+14.25%,第118天,2026-03-20,15
2025-08-29,9,300145,南方泵业,94.4%,case_003,2025-06-20,bowl_center,匹配case_003,4.98,4.81,-3.41%,+14.06%,第195天,2026-03-20,15
2025-08-29,10,688786,悦安新材,94.4%,case_004,2025-07-23,bowl_center,匹配case_004,26.58,32.01,+20.43%,+47.10%,第181天,2026-03-20,15
2025-09-01,1,600595,中孚实业,96.5%,case_004,2025-07-23,bowl_center,匹配case_004,5.27,5.33,+1.14%,+10.25%,第11天,2025-09-16,15
2025-09-01,2,001268,联合精密,96.3%,case_002,2025-08-06,bowl_center,匹配case_002,35.33,36.66,+3.76%,+10.05%,第14天,2025-09-16,15
2025-09-01,3,300247,融捷健康,95.6%,case_002,2025-08-06,bowl_center,匹配case_002,4.5,4.61,+2.44%,+4.67%,第15天,2025-09-16,15
2025-09-01,4,301119,正强股份,95.5%,case_006,2025-08-04,bowl_center,匹配case_006,37.3,38.7,+3.75%,+4.56%,第15天,2025-09-16,15
2025-09-01,5,002215,诺 普 信,95.3%,case_004,2025-07-23,bowl_center,匹配case_004,12.29,12.75,+3.74%,+3.99%,第15天,2025-09-16,15
2025-09-01,6,002199,*ST东晶,95.0%,case_002,2025-08-06,bowl_center,匹配case_002,10.55,10.13,-3.98%,+5.88%,第14天,2025-09-16,15
2025-09-01,7,300354,东华测试,94.7%,case_011,2025-11-12,bowl_center,匹配case_011,43.48,44.46,+2.25%,+3.93%,第0天,2025-09-16,15
2025-09-01,8,600986,浙文互联,94.6%,case_003,2025-06-20,bowl_center,匹配case_003,9.3,8.74,-6.02%,+3.76%,第0天,2025-09-16,15
2025-09-01,9,002779,中坚科技,94.6%,case_004,2025-07-23,bowl_center,匹配case_004,99.78,133.34,+33.63%,+35.30%,第14天,2025-09-16,15
2025-09-01,10,688316,青云科技-U,94.5%,case_006,2025-08-04,bowl_center,匹配case_006,73.4,71.4,-2.72%,+4.74%,第0天,2025-09-16,15
2025-09-02,1,601608,中信重工,97.1%,case_004,2025-07-23,bowl_center,匹配case_004,5.27,5.47,+3.80%,+4.55%,第15天,2025-09-17,15
2025-09-02,2,600510,黑牡丹,96.2%,case_004,2025-07-23,bowl_center,匹配case_004,7.12,8.03,+12.78%,+20.65%,第10天,2025-09-17,15
2025-09-02,3,300247,融捷健康,95.8%,case_002,2025-08-06,bowl_center,匹配case_002,4.46,4.58,+2.69%,+5.61%,第14天,2025-09-17,15
2025-09-02,4,301011,华立科技,95.7%,case_003,2025-06-20,bowl_center,匹配case_003,28.88,28.73,-0.52%,+3.91%,第0天,2025-09-17,15
2025-09-02,5,001268,联合精密,95.2%,case_002,2025-08-06,bowl_center,匹配case_002,34.89,34.26,-1.81%,+11.44%,第13天,2025-09-17,15
2025-09-02,6,300656,民德电子,95.2%,case_006,2025-08-04,bowl_center,匹配case_006,25.84,25.48,-1.39%,+8.17%,第3天,2025-09-17,15
2025-09-02,7,600733,北汽蓝谷,95.1%,case_004,2025-07-23,bowl_center,匹配case_004,8.59,8.58,-0.12%,+5.70%,第14天,2025-09-17,15
2025-09-02,8,688646,ST逸飞,95.0%,case_004,2025-07-23,bowl_center,匹配case_004,30.69,32.23,+5.02%,+10.49%,第7天,2025-09-17,15
2025-09-02,9,000158,常山北明,94.8%,case_003,2025-06-20,bowl_center,匹配case_003,24.44,24.4,-0.16%,+4.75%,第0天,2025-09-17,15
2025-09-02,10,300647,超频三,94.5%,case_003,2025-06-20,bowl_center,匹配case_003,7.18,7.45,+3.76%,+4.87%,第15天,2025-09-17,15
2025-09-03,1,300792,壹网壹创,96.9%,case_004,2025-07-23,bowl_center,匹配case_004,28.49,32.0,+12.32%,+20.39%,第14天,2025-09-18,15
2025-09-03,2,688580,伟思医疗,96.5%,case_002,2025-08-06,bowl_center,匹配case_002,51.2,51.03,-0.33%,+7.03%,第5天,2025-09-18,15
2025-09-03,3,601608,中信重工,96.4%,case_004,2025-07-23,bowl_center,匹配case_004,5.22,5.42,+3.83%,+8.05%,第15天,2025-09-18,15
2025-09-03,4,600864,哈投股份,96.3%,case_003,2025-06-20,bowl_center,匹配case_003,7.34,7.28,-0.82%,+5.04%,第0天,2025-09-18,15
2025-09-03,5,301536,星宸科技,95.7%,case_003,2025-06-20,bowl_center,匹配case_003,61.85,62.78,+1.50%,+5.89%,第15天,2025-09-18,15
2025-09-03,6,002841,视源股份,95.7%,case_003,2025-06-20,bowl_center,匹配case_003,38.0,39.18,+3.11%,+6.58%,第15天,2025-09-18,15
2025-09-03,7,601702,华峰铝业,95.5%,case_004,2025-07-23,bowl_center,匹配case_004,17.1,17.18,+0.47%,+5.09%,第14天,2025-09-18,15
2025-09-03,8,300647,超频三,95.3%,case_003,2025-06-20,bowl_center,匹配case_003,6.96,7.3,+4.89%,+8.19%,第14天,2025-09-18,15
2025-09-03,9,001268,联合精密,95.2%,case_002,2025-08-06,bowl_center,匹配case_002,34.41,32.74,-4.85%,+12.99%,第12天,2025-09-18,15
2025-09-03,10,603112,华翔股份,94.9%,case_004,2025-07-23,bowl_center,匹配case_004,16.964,17.494,+3.12%,+8.08%,第5天,2025-09-18,15
2025-09-04,1,688766,普冉股份,97.0%,case_003,2025-06-20,bowl_center,匹配case_003,71.33,105.5,+47.90%,+60.44%,第13天,2025-09-19,15
2025-09-04,2,000962,东方钽业,97.0%,case_004,2025-07-23,bowl_center,匹配case_004,20.45,24.2,+18.34%,+21.76%,第8天,2025-09-19,15
2025-09-04,3,603738,泰晶科技,96.6%,case_006,2025-08-04,bowl_center,匹配case_006,14.41,15.39,+6.80%,+10.48%,第14天,2025-09-19,15
2025-09-04,4,605168,三人行,96.5%,case_006,2025-08-04,bowl_center,匹配case_006,31.08,30.93,-0.48%,+4.21%,第8天,2025-09-19,15
2025-09-04,5,300669,沪宁股份,96.5%,case_002,2025-08-06,bowl_center,匹配case_002,33.61,33.82,+0.62%,+7.41%,第13天,2025-09-19,15
2025-09-04,6,688435,英方软件,96.4%,case_006,2025-08-04,bowl_center,匹配case_006,34.36,35.67,+3.81%,+6.87%,第14天,2025-09-19,15
2025-09-04,7,301121,紫建电子,95.9%,case_004,2025-07-23,bowl_center,匹配case_004,47.09,48.5,+2.99%,+10.41%,第13天,2025-09-19,15
2025-09-04,8,300792,壹网壹创,95.7%,case_004,2025-07-23,bowl_center,匹配case_004,28.11,32.65,+16.15%,+22.02%,第13天,2025-09-19,15
2025-09-04,9,002303,美盈森,95.7%,case_002,2025-08-06,bowl_center,匹配case_002,4.144,4.634,+11.82%,+11.82%,第15天,2025-09-19,15
2025-09-04,10,300839,博汇股份,95.2%,case_004,2025-07-23,bowl_center,匹配case_004,14.09,13.51,-4.12%,+11.28%,第6天,2025-09-19,15
2025-09-05,1,000776,广发证券,95.0%,case_002,2025-08-06,bowl_center,匹配case_002,20.49,19.06,-6.98%,+19.81%,第35天,2026-03-20,15
2025-09-05,2,300211,*ST亿通,94.7%,case_002,2025-08-06,bowl_center,匹配case_002,10.16,8.21,-19.19%,+4.13%,第34天,2026-03-20,15
2025-09-05,3,300255,常山药业,94.4%,case_002,2025-08-06,bowl_center,匹配case_002,47.59,38.28,-19.56%,+50.68%,第59天,2026-03-20,15
2025-09-05,4,300561,*ST汇科,94.4%,case_002,2025-08-06,bowl_center,匹配case_002,16.56,11.73,-29.17%,+53.62%,第133天,2026-03-20,15
2025-09-05,5,301091,深城交,94.1%,case_002,2025-08-06,bowl_center,匹配case_002,32.18,22.52,-30.02%,+14.73%,第39天,2026-03-20,15
2025-09-05,6,300380,安硕信息,93.7%,case_008,2025-07-10,bowl_center,匹配case_008,51.47,36.22,-29.63%,+7.79%,第12天,2026-03-20,15
2025-09-05,7,688309,恒誉环保,93.5%,case_001,2025-05-12,bowl_center,匹配case_001,24.84,52.27,+110.43%,+144.00%,第187天,2026-03-20,15
2025-09-05,8,003010,若羽臣,93.1%,case_002,2025-08-06,bowl_center,匹配case_002,42.15,29.71,-29.51%,+15.92%,第41天,2026-03-20,15
2025-09-05,9,600284,浦东建设,93.1%,case_011,2025-11-12,bowl_center,匹配case_011,8.59,7.11,-17.23%,+23.05%,第21天,2026-03-20,15
2025-09-05,10,600864,哈投股份,92.9%,case_002,2025-08-06,bowl_center,匹配case_002,7.48,6.54,-12.57%,+8.82%,第48天,2026-03-20,15
2025-09-08,1,600864,哈投股份,94.3%,case_002,2025-08-06,bowl_center,匹配case_002,7.44,7.1,-4.57%,+3.23%,第3天,2025-09-23,15
2025-09-08,2,300561,*ST汇科,93.9%,case_002,2025-08-06,bowl_center,匹配case_002,16.54,15.45,-6.59%,+9.61%,第9天,2025-09-23,15
2025-09-08,3,003010,若羽臣,93.7%,case_002,2025-08-06,bowl_center,匹配case_002,42.186,44.84,+6.29%,+8.09%,第14天,2025-09-23,15
2025-09-08,4,600058,五矿发展,93.6%,case_011,2025-11-12,bowl_center,匹配case_011,9.45,8.74,-7.51%,+6.35%,第4天,2025-09-23,15
2025-09-08,5,000737,北方铜业,93.4%,case_008,2025-07-10,bowl_center,匹配case_008,11.99,14.12,+17.76%,+27.19%,第9天,2025-09-23,15
2025-09-08,6,688260,昀冢科技,93.4%,case_004,2025-07-23,bowl_center,匹配case_004,31.01,28.61,-7.74%,+8.35%,第10天,2025-09-23,15
2025-09-08,7,603379,三美股份,92.9%,case_008,2025-07-10,bowl_center,匹配case_008,57.43,54.58,-4.96%,+1.65%,第0天,2025-09-23,15
2025-09-08,8,601601,中国太保,92.8%,case_006,2025-08-04,bowl_center,匹配case_006,37.55,34.79,-7.35%,+2.00%,第4天,2025-09-23,15
2025-09-08,9,002993,奥海科技,92.7%,case_002,2025-08-06,bowl_center,匹配case_002,44.728,46.228,+3.35%,+7.09%,第10天,2025-09-23,15
2025-09-08,10,300380,安硕信息,92.7%,case_008,2025-07-10,bowl_center,匹配case_008,50.97,49.04,-3.79%,+8.85%,第9天,2025-09-23,15
2025-09-09,1,002356,赫美集团,94.8%,case_011,2025-11-12,bowl_center,匹配case_011,3.6,3.74,+3.89%,+11.39%,第13天,2025-09-24,15
2025-09-09,2,603379,三美股份,94.6%,case_003,2025-06-20,bowl_center,匹配case_003,56.22,56.64,+0.75%,+3.13%,第0天,2025-09-24,15
2025-09-09,3,000753,漳州发展,94.2%,case_003,2025-06-20,bowl_center,匹配case_003,6.665,7.175,+7.65%,+15.15%,第13天,2025-09-24,15
2025-09-09,4,600222,太龙药业,94.2%,case_004,2025-07-23,bowl_center,匹配case_004,6.627,6.587,-0.60%,+6.19%,第8天,2025-09-24,15
2025-09-09,5,002241,歌尔股份,93.9%,case_003,2025-06-20,bowl_center,匹配case_003,31.033,34.653,+11.67%,+14.89%,第14天,2025-09-24,15
2025-09-09,6,300098,高新兴,93.8%,case_004,2025-07-23,bowl_center,匹配case_004,5.67,5.94,+4.76%,+10.93%,第6天,2025-09-24,15
2025-09-09,7,300601,康泰生物,93.8%,case_004,2025-07-23,bowl_center,匹配case_004,18.61,16.84,-9.51%,+3.55%,第1天,2025-09-24,15
2025-09-09,8,688260,昀冢科技,93.7%,case_002,2025-08-06,bowl_center,匹配case_002,30.57,29.49,-3.53%,+9.91%,第9天,2025-09-24,15
2025-09-09,9,003015,日久光电,93.7%,case_003,2025-06-20,bowl_center,匹配case_003,17.69,18.48,+4.47%,+6.16%,第15天,2025-09-24,15
2025-09-09,10,300418,昆仑万维,93.7%,case_003,2025-06-20,bowl_center,匹配case_003,38.87,45.41,+16.83%,+19.30%,第15天,2025-09-24,15
2025-09-10,1,301446,福事特,97.3%,case_004,2025-07-23,bowl_center,匹配case_004,28.29,31.02,+9.65%,+31.42%,第9天,2025-09-25,15
2025-09-10,2,688301,奕瑞科技,97.0%,case_004,2025-07-23,bowl_center,匹配case_004,110.18,118.94,+7.95%,+8.79%,第15天,2025-09-25,15
2025-09-10,3,603669,灵康药业,96.2%,case_002,2025-08-06,bowl_center,匹配case_002,5.81,5.62,-3.27%,+5.85%,第2天,2025-09-25,15
2025-09-10,4,688591,泰凌微,95.9%,case_001,2025-05-12,bowl_center,匹配case_001,48.21,58.2,+20.72%,+22.30%,第15天,2025-09-25,15
2025-09-10,5,688127,蓝特光学,95.4%,case_002,2025-08-06,bowl_center,匹配case_002,31.41,33.8,+7.61%,+8.88%,第15天,2025-09-25,15
2025-09-10,6,301007,德迈仕,95.2%,case_002,2025-08-06,bowl_center,匹配case_002,43.39,47.51,+9.50%,+15.44%,第15天,2025-09-25,15
2025-09-10,7,601777,千里科技,95.2%,case_002,2025-08-06,bowl_center,匹配case_002,11.18,12.99,+16.19%,+23.97%,第15天,2025-09-25,15
2025-09-10,8,001395,亚联机械,95.2%,case_002,2025-08-06,bowl_center,匹配case_002,52.26,48.79,-6.64%,+1.26%,第2天,2025-09-25,15
2025-09-10,9,688522,纳睿雷达,95.0%,case_006,2025-08-04,bowl_center,匹配case_006,43.98,42.88,-2.50%,+3.98%,第6天,2025-09-25,15
2025-09-10,10,688117,圣诺生物,94.7%,case_002,2025-08-06,bowl_center,匹配case_002,40.508,39.458,-2.59%,+4.02%,第2天,2025-09-25,15
2025-09-11,1,688775,影石创新,95.2%,case_002,2025-08-06,bowl_center,匹配case_002,317.49,295.95,-6.78%,+5.19%,第7天,2025-09-26,15
2025-09-11,2,003006,百亚股份,95.2%,case_002,2025-08-06,bowl_center,匹配case_002,29.46,25.85,-12.25%,+0.48%,第1天,2025-09-26,15
2025-09-11,3,001395,亚联机械,94.9%,case_002,2025-08-06,bowl_center,匹配case_002,52.32,49.77,-4.87%,+1.15%,第1天,2025-09-26,15
2025-09-11,4,688301,奕瑞科技,94.5%,case_004,2025-07-23,bowl_center,匹配case_004,111.3,113.63,+2.09%,+7.70%,第14天,2025-09-26,15
2025-09-11,5,603115,海星股份,94.5%,case_002,2025-08-06,bowl_center,匹配case_002,19.42,18.2,-6.28%,+1.44%,第0天,2025-09-26,15
2025-09-11,6,600712,南宁百货,94.4%,case_002,2025-08-06,bowl_center,匹配case_002,7.48,6.75,-9.76%,+6.28%,第1天,2025-09-26,15
2025-09-11,7,300889,爱克股份,93.5%,case_003,2025-06-20,bowl_center,匹配case_003,19.32,19.08,-1.24%,+4.24%,第14天,2025-09-26,15
2025-09-11,8,300093,*ST金刚,93.0%,case_006,2025-08-04,bowl_center,匹配case_006,12.153,11.035,-9.20%,+10.15%,第11天,2025-09-26,15
2025-09-11,9,301446,福事特,92.9%,case_004,2025-07-23,bowl_center,匹配case_004,28.59,31.5,+10.18%,+30.05%,第8天,2025-09-26,15
2025-09-11,10,688696,极米科技,92.2%,case_004,2025-07-23,bowl_center,匹配case_004,125.68,120.0,-4.52%,+3.82%,第1天,2025-09-26,15
2025-09-12,1,000920,沃顿科技,95.3%,case_004,2025-07-23,bowl_center,匹配case_004,12.31,12.53,+1.79%,+21.28%,第178天,2026-03-20,15
2025-09-12,2,002521,齐峰新材,95.2%,case_004,2025-07-23,bowl_center,匹配case_004,9.63,8.48,-11.94%,+3.53%,第32天,2026-03-20,15
2025-09-12,3,605338,巴比食品,95.1%,case_004,2025-07-23,bowl_center,匹配case_004,23.59,25.2,+6.82%,+44.55%,第130天,2026-03-20,15
2025-09-12,4,688310,迈得医疗,94.4%,case_004,2025-07-23,bowl_center,匹配case_004,19.7,15.56,-21.02%,+10.15%,第39天,2026-03-20,15
2025-09-12,5,688169,石头科技,94.1%,case_004,2025-07-23,bowl_center,匹配case_004,197.0,125.68,-36.20%,+11.44%,第5天,2026-03-20,15
2025-09-12,6,301446,福事特,94.0%,case_004,2025-07-23,bowl_center,匹配case_004,28.52,37.79,+32.50%,+84.01%,第138天,2026-03-20,15
2025-09-12,7,605077,华康股份,94.0%,case_002,2025-08-06,bowl_center,匹配case_002,18.44,15.08,-18.22%,+5.64%,第31天,2026-03-20,15
2025-09-12,8,688301,奕瑞科技,93.7%,case_004,2025-07-23,bowl_center,匹配case_004,111.48,113.1,+1.45%,+18.30%,第171天,2026-03-20,15
2025-09-12,9,605008,长鸿高科,93.1%,case_004,2025-07-23,bowl_center,匹配case_004,14.89,11.95,-19.74%,+29.62%,第48天,2026-03-20,15
2025-09-12,10,300256,星星科技,93.1%,case_004,2025-07-23,bowl_center,匹配case_004,4.49,3.52,-21.60%,+8.46%,第5天,2026-03-20,15
2025-09-15,1,688301,奕瑞科技,96.5%,case_004,2025-07-23,bowl_center,匹配case_004,109.82,115.76,+5.41%,+9.15%,第10天,2025-09-30,15
2025-09-15,2,002476,宝莫股份,95.8%,case_004,2025-07-23,bowl_center,匹配case_004,5.44,5.77,+6.07%,+13.60%,第4天,2025-09-30,15
2025-09-15,3,301053,远信工业,94.8%,case_004,2025-07-23,bowl_center,匹配case_004,36.1,38.02,+5.32%,+7.78%,第15天,2025-09-30,15
2025-09-15,4,600712,南宁百货,94.8%,case_004,2025-07-23,bowl_center,匹配case_004,7.37,6.88,-6.65%,+2.44%,第0天,2025-09-30,15
2025-09-15,5,600130,*ST波导,94.7%,case_004,2025-07-23,bowl_center,匹配case_004,3.92,3.86,-1.53%,+1.79%,第1天,2025-09-30,15
2025-09-15,6,300357,我武生物,94.3%,case_004,2025-07-23,bowl_center,匹配case_004,30.37,29.09,-4.21%,+5.60%,第0天,2025-09-30,15
2025-09-15,7,300972,万辰集团,94.2%,case_001,2025-05-12,bowl_center,匹配case_001,167.35,181.35,+8.37%,+8.47%,第15天,2025-09-30,15
2025-09-15,8,600426,华鲁恒升,94.1%,case_004,2025-07-23,bowl_center,匹配case_004,26.031,26.361,+1.27%,+2.04%,第1天,2025-09-30,15
2025-09-15,9,605338,巴比食品,94.1%,case_002,2025-08-06,bowl_center,匹配case_002,23.63,23.18,-1.90%,+3.55%,第1天,2025-09-30,15
2025-09-15,10,688775,影石创新,93.9%,case_002,2025-08-06,bowl_center,匹配case_002,312.35,290.56,-6.98%,+6.92%,第3天,2025-09-30,15
2025-09-16,1,688696,极米科技,97.1%,case_004,2025-07-23,bowl_center,匹配case_004,124.97,86.66,-30.66%,+3.46%,第2天,2026-03-20,15
2025-09-16,2,688578,艾力斯,95.9%,case_004,2025-07-23,bowl_center,匹配case_004,110.36,90.23,-18.24%,+4.10%,第42天,2026-03-20,15
2025-09-16,3,688283,坤恒顺维,95.5%,case_002,2025-08-06,bowl_center,匹配case_002,33.72,41.85,+24.11%,+75.89%,第134天,2026-03-20,15
2025-09-16,4,600712,南宁百货,95.2%,case_002,2025-08-06,bowl_center,匹配case_002,7.35,6.21,-15.51%,+5.44%,第64天,2026-03-20,15
2025-09-16,5,000830,鲁西化工,95.2%,case_004,2025-07-23,bowl_center,匹配case_004,14.11,15.3,+8.43%,+54.50%,第174天,2026-03-20,15
2025-09-16,6,002294,信立泰,95.2%,case_002,2025-08-06,bowl_center,匹配case_002,52.73,58.1,+10.18%,+24.46%,第9天,2026-03-20,15
2025-09-16,7,600426,华鲁恒升,95.1%,case_002,2025-08-06,bowl_center,匹配case_002,25.871,35.55,+37.41%,+70.46%,第174天,2026-03-20,15
2025-09-16,8,688775,影石创新,95.0%,case_002,2025-08-06,bowl_center,匹配case_002,309.02,194.75,-36.98%,+8.08%,第2天,2026-03-20,15
2025-09-16,9,300357,我武生物,95.0%,case_002,2025-08-06,bowl_center,匹配case_002,30.55,25.01,-18.13%,+16.99%,第42天,2026-03-20,15
2025-09-16,10,600596,新安股份,94.5%,case_004,2025-07-23,bowl_center,匹配case_004,10.74,10.89,+1.40%,+30.73%,第162天,2026-03-20,15
2025-09-17,1,000830,鲁西化工,96.9%,case_002,2025-08-06,bowl_center,匹配case_002,14.07,15.3,+8.74%,+54.94%,第173天,2026-03-20,15
2025-09-17,2,600486,扬农化工,96.8%,case_004,2025-07-23,bowl_center,匹配case_004,71.95,70.9,-1.46%,+24.68%,第176天,2026-03-20,15
2025-09-17,3,600865,百大集团,96.8%,case_011,2025-11-12,bowl_center,匹配case_011,10.05,11.21,+11.54%,+129.85%,第100天,2026-03-20,15
2025-09-17,4,688283,坤恒顺维,95.8%,case_002,2025-08-06,bowl_center,匹配case_002,33.45,41.85,+25.11%,+77.31%,第133天,2026-03-20,15
2025-09-17,5,002294,信立泰,95.8%,case_002,2025-08-06,bowl_center,匹配case_002,52.61,58.1,+10.44%,+24.75%,第8天,2026-03-20,15
2025-09-17,6,301283,聚胶股份,95.7%,case_002,2025-08-06,bowl_center,匹配case_002,42.82,44.5,+3.92%,+48.34%,第126天,2026-03-20,15
2025-09-17,7,300801,泰和科技,95.2%,case_008,2025-07-10,bowl_center,匹配case_008,27.42,25.24,-7.95%,+58.35%,第58天,2026-03-20,15
2025-09-17,8,600596,新安股份,95.2%,case_002,2025-08-06,bowl_center,匹配case_002,10.75,10.89,+1.30%,+30.60%,第161天,2026-03-20,15
2025-09-17,9,688772,珠海冠宇,94.7%,case_002,2025-08-06,bowl_center,匹配case_002,22.36,16.2,-27.55%,+30.50%,第44天,2026-03-20,15
2025-09-17,10,300357,我武生物,94.6%,case_002,2025-08-06,bowl_center,匹配case_002,29.97,25.01,-16.55%,+19.25%,第41天,2026-03-20,15
2025-09-18,1,600150,中国船舶,97.2%,case_006,2025-08-04,bowl_center,匹配case_006,35.25,33.15,-5.96%,+11.91%,第169天,2026-03-20,15
2025-09-18,2,000830,鲁西化工,96.8%,case_002,2025-08-06,bowl_center,匹配case_002,14.05,15.3,+8.90%,+55.16%,第172天,2026-03-20,15
2025-09-18,3,301177,迪阿股份,96.3%,case_003,2025-06-20,bowl_center,匹配case_003,34.96,28.43,-18.68%,+25.31%,第133天,2026-03-20,15
2025-09-18,4,688065,凯赛生物,95.8%,case_004,2025-07-23,bowl_center,匹配case_004,51.85,49.0,-5.50%,+24.40%,第117天,2026-03-20,15
2025-09-18,5,688480,赛恩斯,95.2%,case_004,2025-07-23,bowl_center,匹配case_004,45.95,86.92,+89.16%,+237.32%,第165天,2026-03-20,15
2025-09-18,6,601933,永辉超市,95.0%,case_004,2025-07-23,bowl_center,匹配case_004,5.05,3.85,-23.76%,+19.60%,第92天,2026-03-20,15
2025-09-18,7,603685,晨丰科技,94.8%,case_004,2025-07-23,bowl_center,匹配case_004,17.9,27.07,+51.23%,+67.93%,第168天,2026-03-20,15
2025-09-18,8,000975,山金国际,94.8%,case_004,2025-07-23,bowl_center,匹配case_004,20.36,28.88,+41.85%,+107.71%,第133天,2026-03-20,15
2025-09-18,9,600426,华鲁恒升,94.7%,case_004,2025-07-23,bowl_center,匹配case_004,25.621,35.55,+38.75%,+72.12%,第172天,2026-03-20,15
2025-09-18,10,300125,*ST聆达,94.5%,case_002,2025-08-06,bowl_center,匹配case_002,6.473,8.31,+28.38%,+43.52%,第161天,2026-03-20,15
2025-09-19,1,600150,中国船舶,96.2%,case_006,2025-08-04,bowl_center,匹配case_006,35.21,33.15,-5.85%,+12.04%,第168天,2026-03-20,15
2025-09-19,2,603993,洛阳钼业,96.0%,case_002,2025-08-06,bowl_center,匹配case_002,12.51,17.55,+40.29%,+130.06%,第132天,2026-03-20,15
2025-09-19,3,688772,珠海冠宇,95.8%,case_002,2025-08-06,bowl_center,匹配case_002,22.04,16.2,-26.50%,+32.40%,第42天,2026-03-20,15
2025-09-19,4,000960,锡业股份,95.7%,case_002,2025-08-06,bowl_center,匹配case_002,20.48,32.62,+59.28%,+138.28%,第164天,2026-03-20,15
2025-09-19,5,002714,牧原股份,95.7%,case_004,2025-07-23,bowl_center,匹配case_004,53.464,49.45,-7.51%,+1.07%,第0天,2026-03-20,15
2025-09-19,6,688390,固德威,95.5%,case_002,2025-08-06,bowl_center,匹配case_002,53.75,102.03,+89.82%,+101.95%,第182天,2026-03-20,15
2025-09-19,7,002539,云图控股,95.4%,case_002,2025-08-06,bowl_center,匹配case_002,10.81,13.82,+27.84%,+59.76%,第159天,2026-03-20,15
2025-09-19,8,603685,晨丰科技,95.2%,case_002,2025-08-06,bowl_center,匹配case_002,17.73,27.07,+52.68%,+69.54%,第167天,2026-03-20,15
2025-09-19,9,002047,*ST宝鹰,95.0%,case_002,2025-08-06,bowl_center,匹配case_002,2.42,5.78,+138.84%,+152.48%,第178天,2026-03-20,15
2025-09-19,10,002237,恒邦股份,94.8%,case_008,2025-07-10,bowl_center,匹配case_008,13.63,14.96,+9.76%,+72.85%,第132天,2026-03-20,15
2025-09-22,1,600389,江山股份,96.9%,case_004,2025-07-23,bowl_center,匹配case_004,24.79,28.62,+15.45%,+34.33%,第175天,2026-03-20,15
2025-09-22,2,300285,国瓷材料,96.4%,case_002,2025-08-06,bowl_center,匹配case_002,22.5,32.74,+45.51%,+85.47%,第170天,2026-03-20,15
2025-09-22,3,600714,金瑞矿业,95.9%,case_006,2025-08-04,bowl_center,匹配case_006,11.375,19.84,+74.42%,+138.95%,第175天,2026-03-20,15
2025-09-22,4,300125,*ST聆达,95.9%,case_002,2025-08-06,bowl_center,匹配case_002,6.268,8.31,+32.58%,+48.21%,第157天,2026-03-20,15
2025-09-22,5,688390,固德威,95.9%,case_002,2025-08-06,bowl_center,匹配case_002,53.78,102.03,+89.72%,+101.84%,第179天,2026-03-20,15
2025-09-22,6,603520,司太立,95.8%,case_006,2025-08-04,bowl_center,匹配case_006,11.16,9.55,-14.43%,+13.62%,第52天,2026-03-20,15
2025-09-22,7,688088,虹软科技,95.5%,case_002,2025-08-06,bowl_center,匹配case_002,58.58,41.89,-28.49%,+7.85%,第17天,2026-03-20,15
2025-09-22,8,300437,清水源,95.4%,case_006,2025-08-04,bowl_center,匹配case_006,8.7,16.15,+85.63%,+195.40%,第72天,2026-03-20,15
2025-09-22,9,002128,电投能源,95.3%,case_002,2025-08-06,bowl_center,匹配case_002,21.99,29.26,+33.06%,+59.53%,第171天,2026-03-20,15
2025-09-22,10,605060,联德股份,95.2%,case_004,2025-07-23,bowl_center,匹配case_004,25.92,53.68,+107.10%,+185.49%,第157天,2026-03-20,15
2025-09-23,1,600196,复星医药,96.4%,case_004,2025-07-23,bowl_center,匹配case_004,30.24,24.86,-17.79%,+2.71%,第0天,2026-03-20,15
2025-09-23,2,300125,*ST聆达,96.0%,case_002,2025-08-06,bowl_center,匹配case_002,6.299,8.31,+31.93%,+47.48%,第156天,2026-03-20,15
2025-09-23,3,000422,湖北宜化,95.4%,case_006,2025-08-04,bowl_center,匹配case_006,13.05,15.81,+21.15%,+54.79%,第174天,2026-03-20,15
2025-09-23,4,000661,长春高新,95.2%,case_004,2025-07-23,bowl_center,匹配case_004,118.6,87.86,-25.92%,+19.54%,第17天,2026-03-20,15
2025-09-23,5,603520,司太立,95.2%,case_006,2025-08-04,bowl_center,匹配case_006,10.89,9.55,-12.30%,+16.44%,第51天,2026-03-20,15
2025-09-23,6,601595,上海电影,95.2%,case_006,2025-08-04,bowl_center,匹配case_006,29.172,23.81,-18.38%,+27.38%,第141天,2026-03-20,15
2025-09-23,7,300426,华智数媒,95.1%,case_006,2025-08-04,bowl_center,匹配case_006,10.01,8.03,-19.78%,+8.69%,第140天,2026-03-20,15
2025-09-23,8,301603,乔锋智能,95.0%,case_004,2025-07-23,bowl_center,匹配case_004,78.32,67.26,-14.12%,+7.51%,第35天,2026-03-20,15
2025-09-23,9,001206,依依股份,94.8%,case_002,2025-08-06,bowl_center,匹配case_002,27.871,21.12,-24.22%,+28.52%,第20天,2026-03-20,15
2025-09-23,10,002816,*ST和科,94.6%,case_004,2025-07-23,bowl_center,匹配case_004,18.29,22.19,+21.32%,+56.75%,第125天,2026-03-20,15
2025-09-24,1,301257,普蕊斯,96.1%,case_002,2025-08-06,bowl_center,匹配case_002,47.602,47.122,-1.01%,+2.54%,第1天,2025-10-09,15
2025-09-24,2,002663,普邦股份,95.4%,case_002,2025-08-06,bowl_center,匹配case_002,2.06,2.07,+0.49%,+1.46%,第15天,2025-10-09,15
2025-09-24,3,300376,易事特,95.4%,case_002,2025-08-06,bowl_center,匹配case_002,5.15,5.24,+1.75%,+3.69%,第15天,2025-10-09,15
2025-09-24,4,603613,国联股份,95.2%,case_002,2025-08-06,bowl_center,匹配case_002,29.67,31.42,+5.90%,+7.18%,第15天,2025-10-09,15
2025-09-24,5,300363,博腾股份,95.0%,case_002,2025-08-06,bowl_center,匹配case_002,25.19,26.12,+3.69%,+4.61%,第15天,2025-10-09,15
2025-09-24,6,603615,茶花股份,94.9%,case_002,2025-08-06,bowl_center,匹配case_002,26.96,24.15,-10.42%,+1.26%,第0天,2025-10-09,15
2025-09-24,7,688375,国博电子,94.9%,case_002,2025-08-06,bowl_center,匹配case_002,72.29,79.82,+10.42%,+10.83%,第15天,2025-10-09,15
2025-09-24,8,002211,ST宏达,94.8%,case_002,2025-08-06,bowl_center,匹配case_002,3.39,3.55,+4.72%,+9.73%,第6天,2025-10-09,15
2025-09-24,9,600592,龙溪股份,94.8%,case_002,2025-08-06,bowl_center,匹配case_002,28.255,26.95,-4.62%,+1.95%,第1天,2025-10-09,15
2025-09-24,10,002021,中捷资源,94.4%,case_002,2025-08-06,bowl_center,匹配case_002,2.76,3.09,+11.96%,+15.94%,第5天,2025-10-09,15
2025-09-25,1,600233,圆通速递,95.6%,case_004,2025-07-23,bowl_center,匹配case_004,18.72,18.12,-3.21%,+3.42%,第1天,2025-10-10,15
2025-09-25,2,002131,利欧股份,95.3%,case_002,2025-08-06,bowl_center,匹配case_002,5.875,5.795,-1.36%,+3.74%,第14天,2025-10-10,15
2025-09-25,3,002903,宇环数控,95.0%,case_004,2025-07-23,bowl_center,匹配case_004,23.38,21.98,-5.99%,+1.92%,第0天,2025-10-10,15
2025-09-25,4,600569,安阳钢铁,94.9%,case_006,2025-08-04,bowl_center,匹配case_006,2.11,2.33,+10.43%,+11.37%,第15天,2025-10-10,15
2025-09-25,5,301257,普蕊斯,94.5%,case_002,2025-08-06,bowl_center,匹配case_002,47.392,44.302,-6.52%,+3.00%,第0天,2025-10-10,15
2025-09-25,6,603806,福斯特,94.5%,case_004,2025-07-23,bowl_center,匹配case_004,15.56,15.97,+2.63%,+5.72%,第14天,2025-10-10,15
2025-09-25,7,000785,居然智家,94.4%,case_006,2025-08-04,bowl_center,匹配case_006,2.92,2.91,-0.34%,+1.71%,第0天,2025-10-10,15
2025-09-25,8,002211,ST宏达,94.3%,case_002,2025-08-06,bowl_center,匹配case_002,3.39,3.54,+4.42%,+9.73%,第5天,2025-10-10,15
2025-09-25,9,600545,卓郎智能,94.2%,case_002,2025-08-06,bowl_center,匹配case_002,2.94,3.14,+6.80%,+6.80%,第15天,2025-10-10,15
2025-09-25,10,300329,海伦钢琴,94.2%,case_004,2025-07-23,bowl_center,匹配case_004,13.41,13.6,+1.42%,+4.62%,第14天,2025-10-10,15
2025-09-26,1,002599,盛通股份,96.5%,case_006,2025-08-04,bowl_center,匹配case_006,8.42,7.04,-16.39%,+15.80%,第109天,2026-03-20,15
2025-09-26,2,600776,东方通信,96.0%,case_003,2025-06-20,bowl_center,匹配case_003,12.58,15.13,+20.27%,+115.34%,第110天,2026-03-20,15
2025-09-26,3,300279,和晶科技,95.8%,case_006,2025-08-04,bowl_center,匹配case_006,7.52,10.39,+38.16%,+54.26%,第174天,2026-03-20,15
2025-09-26,4,601872,招商轮船,95.4%,case_004,2025-07-23,bowl_center,匹配case_004,8.46,16.78,+98.35%,+132.27%,第158天,2026-03-20,15
2025-09-26,5,688015,交控科技,95.2%,case_002,2025-08-06,bowl_center,匹配case_002,24.64,22.43,-8.97%,+9.54%,第152天,2026-03-20,15
2025-09-26,6,603416,信捷电气,95.2%,case_004,2025-07-23,bowl_center,匹配case_004,62.431,49.72,-20.36%,+8.44%,第117天,2026-03-20,15
2025-09-26,7,688155,先惠技术,94.8%,case_004,2025-07-23,bowl_center,匹配case_004,72.6,76.27,+5.06%,+39.72%,第131天,2026-03-20,15
2025-09-26,8,600606,绿地控股,94.6%,case_006,2025-08-04,bowl_center,匹配case_006,1.81,1.6,-11.60%,+6.08%,第49天,2026-03-20,15
2025-09-26,9,000785,居然智家,94.2%,case_006,2025-08-04,bowl_center,匹配case_006,2.91,2.74,-5.84%,+29.55%,第110天,2026-03-20,15
2025-09-26,10,600026,中远海能,94.0%,case_002,2025-08-06,bowl_center,匹配case_002,12.08,23.46,+94.21%,+120.61%,第164天,2026-03-20,15
